user_id ;region;device;channel;session_start;session_end;time_session;click_count;buy_count;price;age
278965908054;United States;iPhone;organic;01.05.2019 4:46;01.05.2019 4:47;1.0;0.0;0;0;31
244878945432;United States;Mac;organic;01.05.2019 16:44;01.05.2019 16:45;1.0;0.0;0;0;40
590706206550;United States;Mac;organic;01.05.2019 14:09;01.05.2019 15:32;83.0;28.0;6.0;14570.0;50
326433527971;United States;Android;TipTop;01.05.2019 0:29;01.05.2019 0:54;25.0;8.0;3.0;4411.0;38
349773784594;United States;Mac;organic;01.05.2019 3:33;01.05.2019 3:57;24.0;8.0;3.0;4411.0;63
90242400005;United States;Android;organic;01.05.2019 9:03;01.05.2019 10:08;65.0;22.0;4.0;11310.0;62
43958116050;United States;iPhone;organic;01.05.2019 9:37;01.05.2019 10:00;23.0;8.0;3.0;4411.0;60
15174034813;United States;Mac;organic;01.05.2019 13:33;01.05.2019 13:35;2.0;0.0;0;0;12
446013509831;United States;iPhone;organic;01.05.2019 14:44;01.05.2019 15:41;57.0;19.0;4.0;9872.0;52
100970711362;United States;Mac;FaceBoom;01.05.2019 6:20;01.05.2019 6:54;34.0;12.0;3.0;6326.0;25
23110169785;United States;iPhone;organic;01.05.2019 11:29;01.05.2019 11:31;2.0;0.0;0;0;27
370455852550;United States;iPhone;MediaTornado;01.05.2019 14:01;01.05.2019 14:29;28.0;10.0;3.0;5369.0;27
784885401335;Russia;iPhone;TipTop;01.05.2019 22:40;01.05.2019 22:41;1.0;0.0;0;0;31
619068889591;Russia;PC;FaceBoom;01.05.2019 20:14;01.05.2019 20:16;2.0;0.0;0;0;21
774938424092;Russia;Mac;organic;01.05.2019 17:06;01.05.2019 18:05;59.0;20.0;4.0;10352.0;28
762505039443;Russia;Android;organic;01.05.2019 23:30;01.05.2019 23:30;0.0;0.0;0;0;36
355761474010;Russia;iPhone;FaceBoom;01.05.2019 11:03;01.05.2019 11:05;2.0;0.0;0;0;30
221611265998;Russia;iPhone;organic;01.05.2019 0:19;01.05.2019 0:20;1.0;0.0;0;0;65
57218022811;Russia;iPhone;organic;01.05.2019 15:13;01.05.2019 15:15;2.0;0.0;0;0;53
88533696308;Russia;iPhone;organic;01.05.2019 12:26;01.05.2019 12:28;2.0;0.0;0;0;61
550401780667;Russia;iPhone;organic;01.05.2019 0:58;01.05.2019 1:00;2.0;0.0;0;0;23
905776368309;Russia;iPhone;organic;01.05.2019 4:29;01.05.2019 4:59;30.0;10.0;3.0;5369.0;44
482296270341;Russia;PC;organic;01.05.2019 18:09;01.05.2019 19:43;94.0;32.0;6.0;16485.0;24
342079667879;United States;PC;organic;01.05.2019 14:50;01.05.2019 14:52;2.0;0.0;0;0;53
188246423999;United States;iPhone;TipTop;01.05.2019 13:25;01.05.2019 14:39;74.0;25.0;5.0;12940.0;20
529448786586;United States;Android;TipTop;01.05.2019 17:32;01.05.2019 17:34;2.0;0.0;0;0;32
171015605853;United States;iPhone;organic;01.05.2019 18:17;01.05.2019 18:50;33.0;12.0;3.0;6326.0;27
237641018732;United States;iPhone;TipTop;01.05.2019 17:06;01.05.2019 17:07;1.0;0.0;0;0;52
563779032041;United States;iPhone;TipTop;01.05.2019 15:25;01.05.2019 15:26;1.0;0.0;0;0;20
267662454111;United States;iPhone;organic;01.05.2019 5:40;01.05.2019 5:42;2.0;0.0;0;0;24
716674228947;United States;Mac;organic;01.05.2019 16:32;01.05.2019 17:30;58.0;20.0;4.0;10352.0;26
678430784025;United States;Android;organic;01.05.2019 19:25;01.05.2019 19:26;1.0;0.0;0;0;63
283009755609;United States;PC;organic;01.05.2019 0:29;01.05.2019 2:46;137.0;46.0;8.0;23577.0;27
750734101231;;iPhone;MediaTornado;01.05.2019 7:57;01.05.2019 8:22;25.0;8.0;3.0;4411.0;54
222125642245;United States;Android;FaceBoom;01.05.2019 5:26;01.05.2019 5:28;2.0;0.0;0;0;36
535534516579;United States;PC;organic;01.05.2019 6:02;01.05.2019 6:02;0.0;0.0;0;0;51
928482821528;United States;iPhone;MediaTornado;01.05.2019 18:27;01.05.2019 18:29;2.0;0.0;0;0;53
475326764919;United States;iPhone;organic;01.05.2019 15:32;01.05.2019 16:08;36.0;12.0;3.0;6327.0;51
897474157583;United States;iPhone;FaceBoom;01.05.2019 20:47;01.05.2019 20:48;1.0;0.0;0;0;51
181066576860;Russia;PC;organic;01.05.2019 13:51;01.05.2019 15:00;69.0;24.0;5.0;12460.0;34
474185364793;Russia;Mac;TipTop;01.05.2019 22:44;01.05.2019 23:11;27.0;9.0;3.0;4889.0;34
652359044218;Russia;Mac;TipTop;01.05.2019 16:18;01.05.2019 16:19;1.0;0.0;0;0;43
134473754632;Russia;iPhone;MediaTornado;02.05.2019 21:56;02.05.2019 21:58;2.0;0.0;0;0;48
901643712689;Russia;Android;organic;01.05.2019 13:37;01.05.2019 14:22;45.0;15.0;3.0;7764.0;43
222900190020;Russia;Mac;TipTop;01.05.2019 4:55;01.05.2019 5:24;29.0;10.0;3.0;5369.0;40
602733336431;Russia;Mac;organic;02.05.2019 4:17;02.05.2019 4:19;2.0;0.0;0;0;34
8356573095;Russia;Android;TipTop;02.05.2019 14:26;02.05.2019 14:27;1.0;0.0;0;0;64
907001920081;Russia;Android;organic;01.05.2019 14:03;01.05.2019 14:42;39.0;13.0;3.0;6806.0;48
542201616700;United States;iPhone;organic;02.05.2019 23:44;02.05.2019 23:45;1.0;0.0;0;0;35
129100331057;United States;iPhone;organic;02.05.2019 7:07;02.05.2019 7:08;1.0;0.0;0;0;63
152152093902;United States;Android;TipTop;01.05.2019 13:22;01.05.2019 14:31;69.0;24.0;5.0;12460.0;40
293820189249;United States;Android;organic;01.05.2019 11:09;01.05.2019 13:03;114.0;39.0;7.0;20031.0;59
993950151533;United States;iPhone;TipTop;02.05.2019 12:32;02.05.2019 12:34;2.0;0.0;0;0;43
341232428147;United States;iPhone;organic;02.05.2019 7:15;02.05.2019 7:17;2.0;0.0;0;0;46
668161818208;United States;PC;organic;02.05.2019 2:24;02.05.2019 2:26;2.0;0.0;0;0;57
951926617352;United States;Android;organic;02.05.2019 2:54;02.05.2019 2:56;2.0;0.0;0;0;28
645681897253;USA;PC;TipTop;01.05.2019 18:27;01.05.2019 19:08;41.0;14.0;3.0;7284.0;49
480560185060;United States;Mac;FaceBoom;01.05.2019 13:34;01.05.2019 14:16;42.0;14.0;3.0;7284.0;30
801953773856;United States;iPhone;TipTop;02.05.2019 4:29;02.05.2019 4:30;1.0;0.0;0;0;62
780107523082;United States;PC;FaceBoom;02.05.2019 23:26;02.05.2019 23:28;2.0;0.0;0;0;46
304103731692;United States;MAC;FaceBoom;01.05.2019 12:13;01.05.2019 12:44;31.0;10.0;3.0;5369.0;53
414095973733;United States;Android;TipTop;02.05.2019 14:36;02.05.2019 14:37;1.0;0.0;0;0;58
282497328213;United States;iPhone;organic;01.05.2019 23:25;01.05.2019 23:49;24.0;8.0;3.0;4411.0;36
213778870965;United States;iPhone;organic;02.05.2019 14:22;02.05.2019 14:23;1.0;0.0;0;0;29
639353625408;United States;PC;organic;01.05.2019 14:34;01.05.2019 15:19;45.0;15.0;3.0;7764.0;32
593558183722;Russia;Android;organic;01.05.2019 7:29;01.05.2019 8:22;53.0;18.0;4.0;9394.0;28
226504059659;Russia;Android;FaceBoom;01.05.2019 16:07;01.05.2019 16:44;37.0;12.0;3.0;6327.0;18
179084656995;Russia;Mac;organic;02.05.2019 20:16;02.05.2019 20:17;1.0;0.0;0;0;40
263748315237;Russia;iPhone;organic;01.05.2019 18:13;01.05.2019 18:58;45.0;15.0;3.0;7764.0;24
328377059361;Russia;Android;organic;01.05.2019 8:29;01.05.2019 9:01;32.0;11.0;3.0;5847.0;47
296302642742;Russia;iPhone;MediaTornado;01.05.2019 10:46;01.05.2019 11:44;58.0;20.0;4.0;10352.0;57
184810238480;Russia;iPhone;organic;02.05.2019 23:07;02.05.2019 23:08;1.0;0.0;0;0;65
398456731916;Russia;iPhone;MediaTornado;02.05.2019 20:14;02.05.2019 20:15;1.0;0.0;0;0;50
908247485112;Russia;iPhone;organic;02.05.2019 18:58;02.05.2019 18:58;0.0;0.0;0;0;41
10404332026;Russia;Mac;organic;02.05.2019 5:51;02.05.2019 5:53;2.0;0.0;0;0;26
751283623222;Russia;Android;organic;02.05.2019 3:43;02.05.2019 3:44;1.0;0.0;0;0;61
518171493136;Russia;Android;FaceBoom;02.05.2019 5:40;02.05.2019 5:41;1.0;0.0;0;0;36
182240325348;Russia;iPhone;organic;02.05.2019 10:44;02.05.2019 10:46;2.0;0.0;0;0;21
923784264602;Russia;Android;TipTop;01.05.2019 7:33;01.05.2019 9:24;111.0;37.0;7.0;19073.0;62
638584367534;United States;Mac;organic;02.05.2019 3:44;02.05.2019 3:45;1.0;0.0;0;0;46
591410541083;United States;Mac;organic;01.05.2019 11:11;01.05.2019 11:39;28.0;10.0;3.0;5369.0;60
819045144139;United States;PC;organic;02.05.2019 18:48;02.05.2019 18:49;1.0;0.0;0;0;57
897340954083;United States;Android;organic;02.05.2019 7:50;02.05.2019 7:51;1.0;0.0;0;0;51
934346426729;United States;iPhone;organic;02.05.2019 5:39;02.05.2019 5:40;1.0;0.0;0;0;38
381232762069;United States;Mac;organic;02.05.2019 4:25;02.05.2019 4:25;0.0;0.0;0;0;30
998143981124;United States;Android;FaceBoom;01.05.2019 7:14;01.05.2019 7:59;45.0;15.0;3.0;7764.0;42
465195473417;United States;iPhone;organic;02.05.2019 9:02;02.05.2019 9:03;1.0;0.0;0;0;44
579576843349;United States;PC;organic;01.05.2019 21:43;01.05.2019 22:48;65.0;22.0;4.0;11310.0;20
833721227206;United States;Mac;TipTop;01.05.2019 12:59;01.05.2019 13:31;32.0;11.0;3.0;5847.0;33
9212743938;United States;Android;organic;01.05.2019 22:48;02.05.2019 0:11;83.0;28.0;6.0;14570.0;38
648972875590;United States;iPhone;organic;01.05.2019 12:34;01.05.2019 13:33;59.0;20.0;4.0;10352.0;62
50527299863;United States;Mac;organic;02.05.2019 4:21;02.05.2019 4:23;2.0;0.0;0;0;35
219567329114;United States;Mac;organic;02.05.2019 17:06;02.05.2019 17:08;2.0;0.0;0;0;30
889080147332;United States;iPhone;organic;01.05.2019 20:10;01.05.2019 20:47;37.0;12.0;3.0;6327.0;41
45542906349;United States;Mac;organic;02.05.2019 15:07;02.05.2019 15:08;1.0;0.0;0;0;44
499674771741;United States;iPhone;MediaTornado;01.05.2019 2:52;01.05.2019 3:50;58.0;20.0;4.0;10352.0;34
173040395850;United States;PC;organic;02.05.2019 8:07;02.05.2019 8:09;2.0;0.0;0;0;25
239371579771;United States;iPhone;organic;02.05.2019 10:09;02.05.2019 10:09;0.0;0.0;0;0;49
478420005909;United States;iPhone;organic;02.05.2019 0:05;02.05.2019 0:07;2.0;0.0;0;0;55
560540298561;United States;Mac;organic;02.05.2019 17:36;02.05.2019 17:36;0.0;0.0;0;0;45
68752468250;United States;Mac;FaceBoom;02.05.2019 1:11;02.05.2019 1:13;2.0;0.0;0;0;48
426699187791;United States;Mac;organic;01.05.2019 12:03;01.05.2019 13:13;70.0;24.0;5.0;12460.0;42
587083256965;United States;iPhone;organic;02.05.2019 15:19;02.05.2019 15:20;1.0;0.0;0;0;39
707990438602;Russia;Mac;organic;01.05.2019 19:40;01.05.2019 20:17;37.0;12.0;3.0;6327.0;21
720111225156;Russia;PC;TipTop;01.05.2019 18:56;01.05.2019 20:15;79.0;27.0;5.0;13898.0;42
805879728542;Russia;PC;organic;02.05.2019 11:44;02.05.2019 11:44;0.0;0.0;0;0;43
253428566255;Russia;iPhone;FaceBoom;01.05.2019 11:58;01.05.2019 12:22;24.0;8.0;3.0;4411.0;34
590648903855;Russia;Mac;organic;01.05.2019 8:35;01.05.2019 9:32;57.0;19.0;4.0;9872.0;22
855379781425;Russia;Mac;FaceBoom;01.05.2019 19:18;01.05.2019 19:46;28.0;10.0;3.0;5369.0;48
624062538715;Russia;iPhone;FaceBoom;02.05.2019 11:47;02.05.2019 11:48;1.0;0.0;0;0;43
334225002076;Russia;iPhone;TipTop;02.05.2019 5:26;02.05.2019 5:27;1.0;0.0;0;0;23
885166962934;Russia;PC;organic;02.05.2019 23:20;02.05.2019 23:22;2.0;0.0;0;0;40
822775213010;United States;Android;FaceBoom;01.05.2019 15:34;01.05.2019 16:15;41.0;14.0;3.0;7284.0;46
379285585609;United States;iPhone;FaceBoom;01.05.2019 13:59;01.05.2019 15:04;65.0;22.0;4.0;11310.0;34
875804931961;United States;iPhone;organic;01.05.2019 6:03;01.05.2019 7:36;93.0;32.0;6.0;16485.0;56
829235466281;United States;iPhone;organic;01.05.2019 6:56;01.05.2019 7:25;29.0;10.0;3.0;5369.0;34
700534996463;United States;iPhone;TipTop;02.05.2019 16:00;02.05.2019 16:01;1.0;0.0;0;0;51
324636423117;United States;Mac;organic;02.05.2019 0:03;02.05.2019 0:03;0.0;0.0;0;0;37
119151377495;United States;iPhone;organic;03.05.2019 10:35;03.05.2019 10:36;1.0;0.0;0;0;29
500111330219;United States;iPhone;TipTop;03.05.2019 11:37;03.05.2019 11:38;1.0;0.0;0;0;50
652305234247;United States;iPhone;organic;01.05.2019 15:23;01.05.2019 15:58;35.0;12.0;3.0;6327.0;11
350235853322;United States;Mac;organic;01.05.2019 2:03;01.05.2019 3:07;64.0;22.0;4.0;11310.0;56
946239768828;United States;Mac;FaceBoom;03.05.2019 0:55;03.05.2019 0:55;0.0;0.0;0;0;35
301452416860;United States;iPhone;TipTop;01.05.2019 19:18;01.05.2019 20:53;95.0;32.0;6.0;16486.0;29
244714600577;United States;iPhone;TipTop;03.05.2019 19:18;03.05.2019 19:19;1.0;0.0;0;0;33
312249310635;United States;iPhone;FaceBoom;01.05.2019 15:22;01.05.2019 16:24;62.0;21.0;4.0;10830.0;42
226868412926;United States;Android;FaceBoom;01.05.2019 3:39;01.05.2019 4:25;46.0;15.0;3.0;7764.0;49
507386848514;Russia;iPhone;FaceBoom;03.05.2019 23:08;03.05.2019 23:10;2.0;0.0;0;0;45
79845359872;Russia;iPhone;MediaTornado;04.05.2019 21:16;04.05.2019 21:18;2.0;0.0;0;0;31
719154454815;Russia;iPhone;TipTop;01.05.2019 11:05;01.05.2019 11:45;40.0;14.0;3.0;7284.0;32
319939546352;Russia;iPhone;organic;01.05.2019 2:37;01.05.2019 4:15;98.0;34.0;7.0;17636.0;34
366000285810;Russia;Android;organic;01.05.2019 10:32;01.05.2019 11:33;61.0;20.0;4.0;10352.0;17
808504763381;Russia;iPhone;organic;04.05.2019 20:41;04.05.2019 20:41;0.0;0.0;0;0;20
614500259368;United States;Mac;organic;01.05.2019 23:05;01.05.2019 23:34;29.0;10.0;3.0;5369.0;33
612902101251;United States;PC;TipTop;01.05.2019 23:59;02.05.2019 0:02;3.0;1.0;0;0;36
898370108164;United States;iPhone;organic;01.05.2019 21:01;01.05.2019 21:36;35.0;12.0;3.0;6327.0;59
950345794378;United States;PC;organic;01.05.2019 9:32;01.05.2019 10:08;36.0;12.0;3.0;6327.0;46
593213691105;United States;iPhone;organic;01.05.2019 19:43;01.05.2019 20:41;58.0;20.0;4.0;10352.0;26
123913251438;United States;iPhone;MediaTornado;01.05.2019 14:57;01.05.2019 15:00;3.0;1.0;0;0;54
74962485576;United States;iPhone;TipTop;01.05.2019 4:15;01.05.2019 4:18;3.0;1.0;0;0;40
841345352947;United States;iPhone;TipTop;01.05.2019 2:53;01.05.2019 2:56;3.0;1.0;0;0;61
663528813914;United States;Android;organic;01.05.2019 17:28;01.05.2019 17:31;3.0;1.0;0;0;35
206727396173;United States;Mac;organic;01.05.2019 19:19;01.05.2019 19:22;3.0;1.0;0;0;47
186113586976;United States;PC;organic;01.05.2019 23:54;02.05.2019 0:44;50.0;17.0;3.0;8722.0;29
212367762386;United States;Mac;organic;01.05.2019 4:56;01.05.2019 4:59;3.0;1.0;0;0;28
490075705982;United States;PC;organic;01.05.2019 14:50;01.05.2019 16:51;121.0;41.0;7.0;20989.0;52
192978611060;United States;PC;organic;01.05.2019 12:57;01.05.2019 13:00;3.0;1.0;0;0;34
521996218750;United States;iPhone;FaceBoom;01.05.2019 2:17;01.05.2019 2:20;3.0;1.0;0;0;26
785256088997;United States;Mac;organic;01.05.2019 15:56;01.05.2019 17:07;71.0;24.0;5.0;12460.0;56
896258560471;United States;iPhone;FaceBoom;01.05.2019 8:21;01.05.2019 8:24;3.0;1.0;0;0;39
29144643737;United States;PC;organic;01.05.2019 21:18;01.05.2019 21:21;3.0;1.0;0;0;24
690796884942;United States;Mac;organic;01.05.2019 23:31;02.05.2019 0:07;36.0;12.0;3.0;6327.0;37
451960316004;United States;PC;organic;02.05.2019 3:11;02.05.2019 3:14;3.0;1.0;0;0;29
251466277788;United States;Android;TipTop;01.05.2019 21:50;01.05.2019 22:35;45.0;15.0;3.0;7764.0;41
682777048545;United States;iPhone;organic;02.05.2019 18:44;02.05.2019 18:47;3.0;1.0;0;0;42
751165176839;United States;iPhone;TipTop;01.05.2019 20:57;01.05.2019 21:49;52.0;17.0;3.0;8722.0;46
275506645003;United States;iPhone;TipTop;02.05.2019 8:15;02.05.2019 8:18;3.0;1.0;0;0;35
231249481635;United States;iPhone;TipTop;02.05.2019 21:14;02.05.2019 21:17;3.0;1.0;0;0;43
621659314850;United States;PC;organic;02.05.2019 5:35;02.05.2019 5:38;3.0;1.0;0;0;33
103677291144;United States;iPhone;MediaTornado;02.05.2019 21:24;02.05.2019 21:27;3.0;1.0;0;0;30
433559415234;United States;iPhone;organic;01.05.2019 19:24;01.05.2019 20:51;87.0;29.0;6.0;15048.0;31
749289365020;United States;Android;organic;01.05.2019 21:40;01.05.2019 22:44;64.0;22.0;4.0;11310.0;62
208966545544;United States;iPhone;organic;02.05.2019 2:33;02.05.2019 2:36;3.0;1.0;0;0;21
382310304597;United States;iPhone;FaceBoom;01.05.2019 0:35;01.05.2019 2:07;92.0;31.0;6.0;16006.0;28
515414286077;United States;iPhone;organic;02.05.2019 15:53;02.05.2019 15:56;3.0;1.0;0;0;40
28798562666;United States;Mac;organic;02.05.2019 6:25;02.05.2019 6:28;3.0;1.0;0;0;34
482924173981;United States;Mac;organic;02.05.2019 1:08;02.05.2019 1:11;3.0;1.0;0;0;37
682831730517;United States;iPhone;MediaTornado;02.05.2019 8:36;02.05.2019 8:39;3.0;1.0;0;0;57
147277669713;United States;Mac;organic;02.05.2019 23:25;02.05.2019 23:28;3.0;1.0;0;0;31
499159390639;United States;iPhone;organic;02.05.2019 7:04;02.05.2019 7:07;3.0;1.0;0;0;40
888974742187;United States;Android;FaceBoom;01.05.2019 20:22;01.05.2019 21:23;61.0;20.0;4.0;10352.0;23
352646617421;United States;iPhone;TipTop;02.05.2019 8:06;02.05.2019 8:09;3.0;1.0;0;0;57
970636533965;United States;Android;FaceBoom;02.05.2019 15:14;02.05.2019 15:17;3.0;1.0;0;0;18
738227732207;United States;iPhone;organic;01.05.2019 3:37;01.05.2019 4:11;34.0;12.0;3.0;6326.0;65
631281582293;United States;iPhone;organic;03.05.2019 0:55;03.05.2019 0:58;3.0;1.0;0;0;53
137884931773;United States;Mac;TipTop;03.05.2019 23:03;03.05.2019 23:06;3.0;1.0;0;0;55
946621374238;United States;iPhone;FaceBoom;03.05.2019 13:42;03.05.2019 13:45;3.0;1.0;0;0;29
230426630090;United States;PC;organic;01.05.2019 0:25;01.05.2019 1:36;71.0;24.0;5.0;12460.0;16
275686335511;United States;PC;organic;01.05.2019 9:48;01.05.2019 10:16;28.0;10.0;3.0;5369.0;25
498607736711;United States;Mac;organic;01.05.2019 1:54;01.05.2019 2:31;37.0;12.0;3.0;6327.0;36
715370223079;United States;PC;organic;01.05.2019 19:34;01.05.2019 19:39;5.0;2.0;0;0;57
778027854258;United States;Android;organic;01.05.2019 0:59;01.05.2019 1:53;54.0;18.0;4.0;9394.0;51
630970140707;United States;iPhone;organic;01.05.2019 18:16;01.05.2019 18:53;37.0;12.0;3.0;6327.0;30
620325844642;United States;iPhone;organic;01.05.2019 13:49;01.05.2019 13:53;4.0;2.0;1.0;1151.0;25
209521475364;United States;iPhone;TipTop;01.05.2019 22:08;01.05.2019 23:11;63.0;22.0;4.0;11310.0;24
532980536518;United States;iPhone;organic;01.05.2019 8:45;01.05.2019 10:03;78.0;27.0;5.0;13897.0;43
465808345084;United States;Mac;organic;01.05.2019 17:53;01.05.2019 18:00;7.0;2.0;1.0;2151.0;27
569999841108;United States;iPhone;organic;01.05.2019 12:38;01.05.2019 13:02;24.0;8.0;3.0;4411.0;46
670368590918;United States;Android;TipTop;01.05.2019 0:32;01.05.2019 0:38;6.0;2.0;1.0;3454.0;30
961081607337;United States;Android;organic;01.05.2019 11:36;01.05.2019 11:40;4.0;2.0;1.0;4545;49
692718872746;United States;iPhone;TipTop;01.05.2019 13:46;01.05.2019 13:51;5.0;2.0;1.0;1151.0;58
582647608512;United States;iPhone;TipTop;01.05.2019 0:52;01.05.2019 0:58;6.0;2.0;1.0;4545;26
71021174060;United States;iPhone;FaceBoom;01.05.2019 9:05;01.05.2019 9:34;29.0;10.0;3.0;5369.0;57
5400720363;United States;Mac;organic;01.05.2019 13:43;01.05.2019 14:36;53.0;18.0;4.0;9394.0;40
187105720098;United States;Mac;organic;01.05.2019 6:18;01.05.2019 7:06;48.0;17.0;3.0;8722.0;32
867425351070;United States;IPHONE;organic;01.05.2019 11:39;01.05.2019 11:43;4.0;2.0;1.0;1151.0;37
134726461643;United States;Mac;organic;01.05.2019 8:25;01.05.2019 10:20;115.0;39.0;7.0;20031.0;22
780416972417;United States;Android;organic;01.05.2019 2:06;01.05.2019 2:36;30.0;10.0;3.0;5369.0;52
942331306058;United States;iPhone;organic;01.05.2019 5:28;01.05.2019 5:33;5.0;2.0;1.0;656;36
419588268806;United States;Android;organic;01.05.2019 0:14;01.05.2019 0:21;7.0;2.0;1.0;656;44
327927279217;United States;iPhone;organic;01.05.2019 8:44;01.05.2019 9:16;32.0;11.0;3.0;5847.0;38
774753916215;United States;iPhone;MediaTornado;01.05.2019 23:47;01.05.2019 23:52;5.0;2.0;1.0;656;32
460012973454;United States;Mac;organic;01.05.2019 18:46;01.05.2019 18:52;6.0;2.0;1.0;566;25
806956823514;United States;Android;organic;01.05.2019 10:13;01.05.2019 10:17;4.0;2.0;1.0;1151.0;45
556697298832;United States;iPhone;MediaTornado;01.05.2019 22:21;01.05.2019 22:25;4.0;2.0;1.0;563;31
53439561970;United States;iPhone;FaceBoom;01.05.2019 9:05;01.05.2019 9:12;7.0;2.0;1.0;35;56
498245575443;United States;iPhone;organic;01.05.2019 19:07;01.05.2019 19:12;5.0;2.0;1.0;1151.0;53
222737942966;United States;iPhone;organic;01.05.2019 6:39;01.05.2019 7:40;61.0;20.0;4.0;10352.0;32
783308152580;United States;iPhone;organic;01.05.2019 18:36;01.05.2019 18:43;7.0;2.0;1.0;243;45
271551316636;United States;Android;organic;01.05.2019 22:44;01.05.2019 22:50;6.0;2.0;1.0;3456;54
937861123688;United States;iPhone;organic;01.05.2019 6:44;01.05.2019 6:49;5.0;2.0;1.0;3546;30
909283513307;United States;PC;organic;01.05.2019 22:05;01.05.2019 22:10;5.0;2.0;1.0;345;61
42863467142;United States;Android;organic;01.05.2019 17:38;01.05.2019 18:10;32.0;11.0;3.0;5847.0;20
329324266229;United States;PC;organic;01.05.2019 20:56;01.05.2019 21:02;6.0;2.0;1.0;2456;58
816213653738;United States;iPhone;organic;01.05.2019 19:07;01.05.2019 19:13;6.0;2.0;1.0;1151.0;43
817725146225;United States;Mac;organic;01.05.2019 10:40;01.05.2019 10:47;7.0;2.0;1.0;435;33
812819568106;United States;Mac;FaceBoom;01.05.2019 6:54;01.05.2019 7:00;6.0;2.0;1.0;3465;50
593558183722;United States;Mac;organic;01.05.2019 20:44;01.05.2019 20:50;6.0;2.0;1.0;435;20
231860733762;United States;iPhone;MediaTornado;01.05.2019 4:55;01.05.2019 5:18;23.0;8.0;3.0;4411.0;46
267662454111;United States;iPhone;TipTop;01.05.2019 13:58;01.05.2019 14:03;5.0;2.0;1.0;435;32
542201616700;United States;iPhone;MediaTornado;02.05.2019 21:01;02.05.2019 21:08;7.0;2.0;1.0;1151.0;31
186113586976;United States;iPhone;TipTop;02.05.2019 6:30;02.05.2019 6:36;6.0;2.0;1.0;465;55
801953773856;United States;Android;MediaTornado;02.05.2019 1:22;02.05.2019 1:26;4.0;2.0;1.0;466;49
184810238480;United States;Android;TipTop;02.05.2019 23:53;02.05.2019 23:57;4.0;2.0;1.0;564;31
327927279217;United States;Android;organic;02.05.2019 19:30;02.05.2019 19:36;6.0;2.0;1.0;4646;37
434198630691;United States;Mac;TipTop;02.05.2019 5:06;02.05.2019 5:12;6.0;2.0;1.0;1151.0;55
897340954083;United States;Android;TipTop;02.05.2019 13:53;02.05.2019 13:58;5.0;2.0;1.0;3456.0;56
968223987665;United States;Mac;FaceBoom;02.05.2019 19:41;02.05.2019 19:46;5.0;2.0;1.0;453;56
468826602854;United States;iPhone;organic;02.05.2019 17:38;02.05.2019 17:43;5.0;2.0;1.0;135;14
382063864734;United States;Mac;organic;02.05.2019 15:08;02.05.2019 15:14;6.0;2.0;1.0;4567;29
7018967756;United States;iPhone;FaceBoom;01.05.2019 20:25;01.05.2019 21:07;42.0;14.0;3.0;7284.0;22
599422537839;United States;Mac;FaceBoom;01.05.2019 20:16;01.05.2019 20:43;27.0;9.0;3.0;4889.0;32
46064941012;United States;iPhone;organic;01.05.2019 21:21;01.05.2019 22:45;84.0;29.0;6.0;15048.0;20
919048214567;United States;PC;FaceBoom;01.05.2019 8:46;01.05.2019 9:19;33.0;12.0;3.0;6326.0;37
321036182822;United States;Mac;organic;01.05.2019 15:37;01.05.2019 16:11;34.0;12.0;3.0;6326.0;45
611752998439;United States;iPhone;organic;02.05.2019 0:42;02.05.2019 0:48;6.0;2.0;1.0;3546;17
380565507824;United States;Android;FaceBoom;01.05.2019 16:47;01.05.2019 17:40;53.0;18.0;4.0;9394.0;36
224182758260;United States;Android;organic;02.05.2019 12:55;02.05.2019 13:00;5.0;2.0;1.0;579;29
924026632464;United States;PC;organic;01.05.2019 10:28;01.05.2019 10:53;25.0;8.0;3.0;4411.0;20
831718362733;United States;iPhone;organic;02.05.2019 6:18;02.05.2019 6:23;5.0;2.0;1.0;3544;58
273492669498;United States;iPhone;organic;02.05.2019 0:00;02.05.2019 0:04;4.0;2.0;1.0;435;39
872148430066;United States;iPhone;FaceBoom;02.05.2019 13:37;02.05.2019 13:44;7.0;2.0;1.0;4546;36
617662056007;United States;iPhone;organic;01.05.2019 8:56;01.05.2019 9:42;46.0;15.0;3.0;7764.0;37
206499654109;United States;iPhone;organic;01.05.2019 7:16;01.05.2019 8:15;59.0;20.0;4.0;10352.0;51
426072091220;United States;Mac;organic;02.05.2019 22:26;02.05.2019 22:30;4.0;2.0;1.0;23434;50
555066228147;United States;iPhone;organic;02.05.2019 1:40;02.05.2019 1:46;6.0;2.0;1.0;2343;64
997723904855;United States;Mac;organic;01.05.2019 22:55;01.05.2019 23:34;39.0;13.0;3.0;6806.0;49
192788188996;United States;iPhone;organic;02.05.2019 11:04;02.05.2019 11:10;6.0;2.0;1.0;1234;38
769054031523;United States;PC;organic;01.05.2019 16:42;01.05.2019 17:06;24.0;8.0;3.0;4411.0;30
762955091588;United States;Android;MediaTornado;01.05.2019 3:45;01.05.2019 4:09;24.0;8.0;3.0;4411.0;50
143120632908;United States;Android;organic;02.05.2019 1:39;02.05.2019 1:46;7.0;2.0;1.0;1356;46
344854525786;United States;Mac;organic;01.05.2019 13:08;01.05.2019 14:41;93.0;32.0;6.0;16485.0;21
213379210527;United States;Mac;MediaTornado;01.05.2019 2:26;01.05.2019 3:06;40.0;14.0;3.0;7284.0;34
468826602854;United States;iPhone;FaceBoom;01.05.2019 2:32;01.05.2019 3:46;74.0;25.0;5.0;12940.0;22
779599518467;United States;iPhone;FaceBoom;01.05.2019 18:19;01.05.2019 18:46;27.0;9.0;3.0;4889.0;38
382063864734;United States;iPhone;MediaTornado;01.05.2019 5:06;01.05.2019 5:50;44.0;15.0;3.0;7764.0;27
451515365818;United States;Mac;FaceBoom;01.05.2019 23:46;02.05.2019 1:20;94.0;32.0;6.0;16485.0;44
899651216018;United States;iPhone;FaceBoom;02.05.2019 5:54;02.05.2019 5:58;4.0;2.0;1.0;1151.0;56
583592836012;United States;Mac;FaceBoom;02.05.2019 14:04;02.05.2019 14:09;5.0;2.0;1.0;1151.0;24
910963353776;United States;iPhone;FaceBoom;02.05.2019 19:12;02.05.2019 19:17;5.0;2.0;1.0;1151.0;33
206727396173;United States;PC;FaceBoom;02.05.2019 20:22;02.05.2019 20:29;7.0;2.0;1.0;2445;31
462972854783;United States;Mac;organic;02.05.2019 7:50;02.05.2019 7:57;7.0;2.0;1.0;10;37
324306427447;United States;Mac;organic;02.05.2019 3:25;02.05.2019 3:30;5.0;2.0;1.0;345;36
238255443220;United States;iPhone;TipTop;01.05.2019 21:30;01.05.2019 22:18;48.0;17.0;3.0;8722.0;20
64474110919;United States;iPhone;FaceBoom;01.05.2019 21:11;01.05.2019 21:36;25.0;8.0;3.0;4411.0;20
617323524756;United States;Android;TipTop;01.05.2019 12:11;01.05.2019 12:58;47.0;16.0;3.0;8242.0;31
428769597608;United States;iPhone;FaceBoom;02.05.2019 21:22;02.05.2019 21:28;6.0;2.0;1.0;34;34
927823413821;United States;iPhone;TipTop;01.05.2019 21:53;01.05.2019 23:36;103.0;35.0;7.0;18116.0;47
618859414270;United States;iPhone;organic;02.05.2019 8:32;02.05.2019 8:36;4.0;2.0;1.0;1151.0;59
446313863738;United States;PC;TipTop;01.05.2019 11:00;01.05.2019 11:28;28.0;10.0;3.0;5369.0;49
961081607337;United States;Mac;organic;02.05.2019 8:00;02.05.2019 8:07;7.0;2.0;1.0;23;43
276895975067;United States;PC;organic;01.05.2019 22:05;01.05.2019 23:15;70.0;24.0;5.0;12460.0;54
268756360170;United States;Android;organic;02.05.2019 12:14;02.05.2019 12:18;4.0;2.0;1.0;3435;44
582647608512;United States;Android;organic;02.05.2019 22:48;02.05.2019 22:54;6.0;2.0;1.0;1151.0;56
88124402132;United States;Android;organic;02.05.2019 17:31;02.05.2019 17:36;5.0;2.0;1.0;3434;49
174581195170;United States;iPhone;organic;01.05.2019 20:55;01.05.2019 21:59;64.0;22.0;4.0;11310.0;51
460757834330;United States;Mac;organic;01.05.2019 22:00;01.05.2019 22:34;34.0;12.0;3.0;6326.0;33
221842961701;United States;Mac;FaceBoom;02.05.2019 13:03;02.05.2019 13:10;7.0;2.0;1.0;3435;17
783308152580;United States;Android;organic;02.05.2019 1:22;02.05.2019 1:27;5.0;2.0;1.0;1151.0;56
271551316636;United States;iPhone;TipTop;02.05.2019 8:00;02.05.2019 8:06;6.0;2.0;1.0;3435;48
581295769943;United States;iPhone;TipTop;02.05.2019 16:00;02.05.2019 16:04;4.0;2.0;1.0;1151.0;37
905321997674;United States;iPhone;FaceBoom;02.05.2019 3:11;02.05.2019 3:15;4.0;2.0;1.0;4543;56
103841657709;United States;iPhone;MediaTornado;02.05.2019 4:22;02.05.2019 4:26;4.0;2.0;1.0;7989;32
474830527958;United States;iPhone;FaceBoom;02.05.2019 0:19;02.05.2019 0:24;5.0;2.0;1.0;890;10
684325308270;United States;Mac;organic;02.05.2019 12:59;02.05.2019 13:49;50.0;17.0;3.0;8722.0;61
792706540762;United States;iPhone;organic;02.05.2019 10:05;02.05.2019 10:11;6.0;2.0;1.0;1151.0;17
808026173409;United States;Mac;organic;02.05.2019 9:06;02.05.2019 9:12;6.0;2.0;1.0;3400;58
477753985226;United States;Mac;TipTop;02.05.2019 8:08;02.05.2019 8:34;26.0;9.0;3.0;4889.0;35
425357155257;United States;iPhone;organic;02.05.2019 13:37;02.05.2019 13:41;4.0;2.0;1.0;239;23
224182758260;United States;iPhone;TipTop;02.05.2019 21:59;02.05.2019 22:29;30.0;10.0;3.0;5369.0;31
873417229362;United States;iPhone;organic;02.05.2019 23:30;02.05.2019 23:56;26.0;9.0;3.0;4889.0;16
102519763805;United States;iPhone;organic;02.05.2019 22:23;02.05.2019 22:30;7.0;2.0;1.0;1151.0;44
606547156670;United States;PC;TipTop;02.05.2019 15:17;02.05.2019 15:44;27.0;9.0;3.0;4889.0;16
150118026206;United States;Mac;FaceBoom;02.05.2019 3:04;02.05.2019 3:32;28.0;10.0;3.0;5369.0;26
560674181976;United States;iPhone;organic;02.05.2019 16:09;02.05.2019 16:15;6.0;2.0;1.0;1200;51
868259735977;United States;iPhone;organic;02.05.2019 23:29;02.05.2019 23:57;28.0;10.0;3.0;5369.0;45
56341587682;United States;PC;FaceBoom;02.05.2019 21:37;02.05.2019 22:48;71.0;24.0;5.0;12460.0;36
533113624129;United States;iPhone;FaceBoom;02.05.2019 23:11;02.05.2019 23:18;7.0;2.0;1.0;1500;34
684791403724;United States;PC;organic;02.05.2019 2:48;02.05.2019 2:52;4.0;2.0;1.0;2345;37
800971568625;United States;Android;organic;02.05.2019 10:50;02.05.2019 10:57;7.0;2.0;1.0;546;49
73293616521;United States;PC;TipTop;02.05.2019 16:24;02.05.2019 16:48;24.0;8.0;3.0;4411.0;57
798801097159;United States;Android;organic;02.05.2019 11:23;02.05.2019 11:27;4.0;2.0;1.0;457;45
691914675625;United States;Android;organic;02.05.2019 11:13;02.05.2019 12:02;49.0;17.0;3.0;8722.0;44
766030406634;United States;iPhone;organic;02.05.2019 23:16;02.05.2019 23:20;4.0;2.0;1.0;456;49
831718362733;United States;iPhone;MediaTornado;02.05.2019 19:27;02.05.2019 20:13;46.0;15.0;3.0;7764.0;32
101445798255;United States;iPhone;TipTop;02.05.2019 21:16;02.05.2019 22:25;69.0;24.0;5.0;12460.0;56
205007127000;United States;iPhone;organic;02.05.2019 1:23;02.05.2019 2:05;42.0;14.0;3.0;7284.0;59
739141354592;United States;PC;organic;02.05.2019 18:31;02.05.2019 18:38;7.0;2.0;1.0;56546;17
273492669498;United States;PC;organic;02.05.2019 7:41;02.05.2019 9:01;80.0;27.0;5.0;13898.0;30
315145794343;United States;iPhone;organic;02.05.2019 4:07;02.05.2019 4:11;4.0;2.0;1.0;1151.0;36
353725123625;United States;iPhone;MediaTornado;02.05.2019 10:40;02.05.2019 11:10;30.0;10.0;3.0;5369.0;43
678252190658;United States;Android;FaceBoom;02.05.2019 17:26;02.05.2019 17:32;6.0;2.0;1.0;4545;50
901245502540;United States;iPhone;FaceBoom;02.05.2019 3:49;02.05.2019 3:53;4.0;2.0;1.0;1151.0;51
931712704120;United States;iPhone;organic;02.05.2019 17:53;02.05.2019 17:59;6.0;2.0;1.0;5657;32
872148430066;United States;iPhone;TipTop;02.05.2019 20:56;02.05.2019 21:29;33.0;12.0;3.0;6326.0;59
612228953502;United States;Android;TipTop;02.05.2019 0:46;02.05.2019 1:32;46.0;15.0;3.0;7764.0;31
671719983124;United States;PC;organic;02.05.2019 22:44;02.05.2019 22:48;4.0;2.0;1.0;1151.0;15
360408707855;United States;Android;MediaTornado;03.05.2019 22:34;03.05.2019 22:39;5.0;2.0;1.0;457;43
931935743840;United States;iPhone;organic;02.05.2019 19:53;02.05.2019 20:26;33.0;12.0;3.0;6326.0;36
825569880933;United States;iPhone;organic;03.05.2019 5:48;03.05.2019 5:55;7.0;2.0;5.0;23546;37
685751390783;United States;Mac;organic;03.05.2019 2:53;03.05.2019 2:58;5.0;2.0;1.0;2300;24
25732375218;United States;Mac;organic;02.05.2019 2:54;02.05.2019 4:18;84.0;29.0;6.0;15048.0;58
591098203702;United States;Mac;organic;02.05.2019 12:58;02.05.2019 13:48;50.0;17.0;3.0;8722.0;17
160247288296;United States;PC;organic;02.05.2019 5:02;02.05.2019 6:35;93.0;32.0;6.0;16485.0;48
712299050358;United States;Android;FaceBoom;03.05.2019 8:52;03.05.2019 8:58;6.0;2.0;1.0;1300;17
756242022563;United States;iPhone;TipTop;02.05.2019 15:28;02.05.2019 15:53;25.0;8.0;3.0;4411.0;50
688028688639;United States;Mac;MediaTornado;03.05.2019 20:16;03.05.2019 20:20;4.0;2.0;2;1200;40
621553635173;United States;Android;FaceBoom;02.05.2019 19:22;02.05.2019 19:54;32.0;11.0;3.0;5847.0;20
731653885358;United States;Mac;organic;03.05.2019 22:55;03.05.2019 22:59;4.0;2.0;1.0;123;64
410844525997;United States;Android;organic;02.05.2019 11:02;02.05.2019 12:50;108.0;37.0;7.0;19073.0;25
974456580990;United States;Android;MediaTornado;03.05.2019 6:13;03.05.2019 6:19;6.0;2.0;3;2151.0;31
74576824520;United States;iPhone;organic;02.05.2019 20:44;02.05.2019 21:37;53.0;18.0;4.0;9394.0;27
6899132869;United States;iPhone;organic;03.05.2019 15:26;03.05.2019 15:32;6.0;2.0;1.0;11501.0;17
929408648749;United States;Android;organic;02.05.2019 13:18;02.05.2019 13:49;31.0;10.0;3.0;5369.0;62
142201989728;United States;Mac;organic;02.05.2019 17:56;02.05.2019 18:21;25.0;8.0;3.0;4411.0;56
874455679154;United States;iPhone;TipTop;03.05.2019 9:52;03.05.2019 9:57;5.0;2.0;2;151.0;61
996040323520;United States;iPhone;TipTop;04.05.2019 23:46;04.05.2019 23:52;6.0;2.0;1.0;111.0;34
278358060940;United States;PC;organic;02.05.2019 21:18;02.05.2019 21:46;28.0;10.0;3.0;5369.0;28
110865119989;United States;PC;organic;02.05.2019 7:42;02.05.2019 8:49;67.0;22.0;4.0;11310.0;24
673345112617;United States;iPhone;TipTop;02.05.2019 9:40;02.05.2019 10:11;31.0;10.0;3.0;5369.0;23
89765595481;United States;iPhone;TipTop;02.05.2019 8:54;02.05.2019 9:33;39.0;13.0;3.0;6806.0;23
350664448354;United States;Mac;organic;04.05.2019 21:11;04.05.2019 21:17;6.0;2.0;1.0;111.0;33
783905923744;United States;iPhone;TipTop;04.05.2019 23:32;04.05.2019 23:38;6.0;2.0;2;151.0;67
636100655792;United States;Mac;FaceBoom;02.05.2019 20:42;02.05.2019 21:28;46.0;15.0;3.0;7764.0;57
981449118918;United States;iPhone;organic;01.05.2019 2:36;01.05.2019 2:45;9.0;3.0;2.0;1823.0;27
924308873083;United States;Mac;organic;01.05.2019 10:25;01.05.2019 10:35;10.0;3.0;2.0;1823.0;48
321335574694;United States;iPhone;organic;01.05.2019 14:26;01.05.2019 14:35;9.0;3.0;0;0;55
659089181917;United States;Android;organic;02.05.2019 5:54;02.05.2019 6:27;33.0;12.0;3.0;6326.0;39
686572780536;United States;PC;organic;02.05.2019 17:11;02.05.2019 18:00;49.0;17.0;3.0;8722.0;35
175474303813;United States;Mac;MediaTornado;02.05.2019 2:18;02.05.2019 3:04;46.0;15.0;3.0;7764.0;26
39870632479;United States;Mac;FaceBoom;02.05.2019 10:05;02.05.2019 11:04;59.0;20.0;4.0;10352.0;56
186640005583;United States;iPhone;TipTop;02.05.2019 23:11;02.05.2019 23:49;38.0;13.0;3.0;6806.0;60
2396619302;United States;iPhone;organic;02.05.2019 6:14;02.05.2019 6:58;44.0;15.0;3.0;7764.0;65
684979425180;United States;iPhone;organic;01.05.2019 2:21;01.05.2019 2:29;8.0;3.0;2.0;1823.0;45
317750896293;United States;iPhone;FaceBoom;02.05.2019 20:46;02.05.2019 21:57;71.0;24.0;5.0;12460.0;20
555066228147;United States;Android;MediaTornado;02.05.2019 8:18;02.05.2019 9:10;52.0;17.0;3.0;8722.0;16
998513020664;United States;Mac;organic;02.05.2019 19:42;02.05.2019 20:20;38.0;13.0;3.0;6806.0;56
253136183810;Russia;Mac;organic;01.05.2019 10:04;01.05.2019 10:13;9.0;3.0;2.0;1823.0;45
432369715220;United States;PC;organic;02.05.2019 0:44;02.05.2019 1:18;34.0;12.0;3.0;6326.0;15
668304380546;United States;Mac;organic;02.05.2019 4:22;02.05.2019 5:04;42.0;14.0;3.0;7284.0;25
771715952607;United States;Android;organic;02.05.2019 17:24;02.05.2019 18:47;83.0;28.0;6.0;14570.0;27
335120150805;United States;iPhone;FaceBoom;02.05.2019 16:31;02.05.2019 17:39;68.0;23.0;5.0;11982.0;50
172680080954;United States;iPhone;organic;01.05.2019 15:01;01.05.2019 15:10;9.0;3.0;2.0;1823.0;62
19360341521;United States;PC;organic;01.05.2019 23:19;01.05.2019 23:29;10.0;3.0;2.0;1823.0;24
867082222345;Russia;Mac;organic;01.05.2019 16:30;01.05.2019 16:38;8.0;3.0;2.0;1823.0;26
418995554513;United States;PC;TipTop;02.05.2019 9:47;02.05.2019 10:30;43.0;15.0;3.0;7764.0;53
563117398023;United States;Mac;FaceBoom;01.05.2019 4:11;01.05.2019 4:20;9.0;3.0;2.0;1823.0;33
143120632908;United States;iPhone;organic;02.05.2019 12:12;02.05.2019 13:22;70.0;24.0;5.0;12460.0;41
446943958673;United States;Mac;organic;01.05.2019 8:46;01.05.2019 8:54;8.0;3.0;2.0;1823.0;40
500330812886;United States;Mac;organic;01.05.2019 23:16;01.05.2019 23:25;9.0;3.0;2.0;1823.0;55
899651216018;United States;Mac;organic;02.05.2019 8:28;02.05.2019 9:08;40.0;14.0;3.0;7284.0;27
174361394180;United States;iPhone;FaceBoom;01.05.2019 6:36;01.05.2019 6:45;9.0;3.0;2.0;1823.0;27
74352279110;United States;Mac;organic;02.05.2019 6:04;02.05.2019 6:45;41.0;14.0;3.0;7284.0;45
601292388085;United States;iPhone;organic;01.05.2019 22:47;01.05.2019 22:57;10.0;3.0;2.0;1823.0;33
68001516295;United States;iPhone;TipTop;01.05.2019 18:32;01.05.2019 18:41;9.0;3.0;2.0;1823.0;22
646144943578;United States;Android;FaceBoom;02.05.2019 6:45;02.05.2019 7:37;52.0;17.0;3.0;8722.0;43
747288086521;United States;Mac;organic;01.05.2019 7:23;01.05.2019 7:33;10.0;3.0;2.0;1823.0;48
980995413963;United States;Android;organic;01.05.2019 5:18;01.05.2019 5:27;9.0;3.0;2.0;1823.0;41
540188159481;United States;Mac;organic;01.05.2019 13:37;01.05.2019 13:46;9.0;3.0;2.0;1823.0;45
570567644194;United States;iPhone;organic;02.05.2019 7:03;02.05.2019 7:13;10.0;3.0;2.0;1823.0;61
149273509197;United States;Mac;FaceBoom;02.05.2019 6:50;02.05.2019 7:15;25.0;8.0;3.0;4411.0;34
583592836012;United States;Mac;TipTop;02.05.2019 20:57;02.05.2019 22:04;67.0;22.0;4.0;11310.0;42
866354585644;United States;iPhone;organic;02.05.2019 20:05;02.05.2019 20:49;44.0;15.0;3.0;7764.0;26
881948329001;United States;iPhone;organic;02.05.2019 1:10;02.05.2019 1:37;27.0;9.0;3.0;4889.0;38
929032199665;United States;Android;organic;02.05.2019 16:14;02.05.2019 16:44;30.0;10.0;3.0;5369.0;39
870263245422;United States;Mac;organic;02.05.2019 17:00;02.05.2019 17:29;29.0;10.0;3.0;5369.0;47
427066824271;United States;iPhone;organic;02.05.2019 5:19;02.05.2019 5:28;9.0;3.0;2.0;1823.0;44
165524575255;United States;Mac;MediaTornado;02.05.2019 23:53;03.05.2019 0:01;8.0;3.0;2.0;1823.0;19
830543407746;United States;Mac;organic;02.05.2019 6:42;02.05.2019 7:26;44.0;15.0;3.0;7764.0;41
545382014441;United States;iPhone;organic;02.05.2019 22:31;02.05.2019 23:27;56.0;19.0;4.0;9872.0;46
907274252287;United States;Mac;organic;02.05.2019 10:40;02.05.2019 11:11;31.0;10.0;3.0;5369.0;31
866698230166;United States;iPhone;TipTop;02.05.2019 14:46;02.05.2019 15:33;47.0;16.0;3.0;8242.0;22
346488890043;United States;iPhone;organic;02.05.2019 21:01;02.05.2019 21:11;10.0;3.0;2.0;1823.0;59
711033199052;United States;PC;FaceBoom;02.05.2019 17:05;02.05.2019 19:22;137.0;46.0;8.0;23577.0;36
869845223867;United States;Android;organic;02.05.2019 17:05;02.05.2019 17:50;45.0;15.0;3.0;7764.0;55
844594142378;United States;iPhone;organic;02.05.2019 19:33;02.05.2019 20:04;31.0;10.0;3.0;5369.0;21
368787989405;United States;iPhone;organic;02.05.2019 10:52;02.05.2019 11:00;8.0;3.0;2.0;1823.0;29
841689865249;United States;Mac;organic;02.05.2019 10:46;02.05.2019 10:54;8.0;3.0;2.0;1823.0;37
910963353776;United States;Mac;organic;02.05.2019 1:13;02.05.2019 2:04;51.0;17.0;3.0;8722.0;47
367940207823;United States;Mac;organic;02.05.2019 4:27;02.05.2019 4:35;8.0;3.0;2.0;1823.0;55
70966634103;United States;iPhone;organic;02.05.2019 17:32;02.05.2019 17:42;10.0;3.0;2.0;1823.0;44
52621452728;United States;iPhone;organic;02.05.2019 12:30;02.05.2019 13:17;47.0;16.0;3.0;8242.0;24
155076636505;United States;iPhone;TipTop;02.05.2019 20:04;02.05.2019 20:14;10.0;3.0;2.0;1823.0;19
686796578773;United States;iPhone;organic;02.05.2019 0:50;02.05.2019 5:12;262.0;88.0;15.0;45046.0;24
537526476613;United States;Android;organic;02.05.2019 11:13;02.05.2019 11:21;8.0;3.0;2.0;1823.0;46
852898876338;United States;iPhone;MediaTornado;02.05.2019 23:25;02.05.2019 23:55;30.0;10.0;3.0;5369.0;29
561613599172;United States;Mac;TipTop;02.05.2019 20:54;02.05.2019 21:04;10.0;3.0;2.0;1823.0;52
779023586684;United States;Android;organic;02.05.2019 4:53;02.05.2019 5:17;24.0;8.0;3.0;4411.0;32
719012198415;United States;iPhone;organic;02.05.2019 2:08;02.05.2019 2:35;27.0;9.0;3.0;4889.0;41
875325987702;United States;Android;organic;02.05.2019 8:17;02.05.2019 8:27;10.0;3.0;2.0;1823.0;25
418482945108;United States;Mac;organic;02.05.2019 16:09;02.05.2019 17:33;84.0;29.0;6.0;15048.0;49
794371247519;United States;Mac;organic;02.05.2019 12:48;02.05.2019 14:06;78.0;27.0;5.0;13897.0;49
748577009560;United States;Mac;organic;02.05.2019 10:16;02.05.2019 10:24;8.0;3.0;2.0;1823.0;25
965036180456;United States;PC;organic;02.05.2019 7:05;02.05.2019 7:13;8.0;3.0;2.0;1823.0;49
759455956757;United States;Android;TipTop;02.05.2019 6:26;02.05.2019 7:30;64.0;22.0;4.0;11310.0;64
511578691288;United States;Android;organic;02.05.2019 10:28;02.05.2019 11:42;74.0;25.0;5.0;12940.0;35
734194923861;United States;Mac;TipTop;02.05.2019 2:19;02.05.2019 2:29;10.0;3.0;2.0;1823.0;40
833134538046;United States;PC;MediaTornado;02.05.2019 2:09;02.05.2019 2:19;10.0;3.0;2.0;1823.0;56
772567104356;United States;iPhone;organic;02.05.2019 1:50;02.05.2019 1:59;9.0;3.0;2.0;1823.0;49
87158333602;United States;Mac;FaceBoom;02.05.2019 4:22;02.05.2019 4:30;8.0;3.0;2.0;1823.0;24
34377840200;United States;iPhone;organic;02.05.2019 20:57;02.05.2019 21:28;31.0;10.0;3.0;5369.0;28
233128454643;United States;PC;TipTop;02.05.2019 14:28;02.05.2019 15:51;83.0;28.0;6.0;14570.0;29
382819469286;United States;Android;organic;02.05.2019 4:13;02.05.2019 4:23;10.0;3.0;2.0;1823.0;26
191794388596;United States;iPhone;organic;02.05.2019 22:22;02.05.2019 22:31;9.0;3.0;2.0;1823.0;53
608682706122;United States;Mac;MediaTornado;02.05.2019 9:00;02.05.2019 9:35;35.0;12.0;3.0;6327.0;60
271331434289;United States;iPhone;FaceBoom;02.05.2019 10:28;02.05.2019 10:53;25.0;8.0;3.0;4411.0;46
827683555987;United States;Mac;TipTop;02.05.2019 23:51;02.05.2019 23:59;8.0;3.0;2.0;1823.0;58
650269084690;United States;iPhone;TipTop;02.05.2019 22:59;02.05.2019 23:26;27.0;9.0;3.0;4889.0;33
744624457965;United States;iPhone;MediaTornado;02.05.2019 5:41;02.05.2019 5:50;9.0;3.0;2.0;1823.0;22
813505493428;United States;iPhone;FaceBoom;02.05.2019 13:10;02.05.2019 13:19;9.0;3.0;2.0;1823.0;17
369133379089;United States;Mac;organic;02.05.2019 0:58;02.05.2019 1:41;43.0;15.0;3.0;7764.0;41
88124402132;United States;Android;organic;02.05.2019 8:49;02.05.2019 8:58;9.0;3.0;2.0;1823.0;40
365686996329;United States;Mac;organic;02.05.2019 6:02;02.05.2019 6:10;8.0;3.0;2.0;1823.0;54
656342129743;United States;Mac;organic;02.05.2019 12:42;02.05.2019 12:50;8.0;3.0;2.0;1823.0;54
362993941442;United States;PC;organic;02.05.2019 16:52;02.05.2019 17:02;10.0;3.0;2.0;1823.0;46
608835213891;United States;iPhone;organic;02.05.2019 16:16;02.05.2019 16:24;8.0;3.0;2.0;1823.0;50
774938424092;United States;Mac;organic;02.05.2019 21:14;02.05.2019 21:24;10.0;3.0;2.0;1823.0;26
849459340368;United States;Mac;organic;02.05.2019 4:10;02.05.2019 4:42;32.0;11.0;3.0;5847.0;53
483481057271;United States;Mac;MediaTornado;02.05.2019 6:41;02.05.2019 7:06;25.0;8.0;3.0;4411.0;28
588499264097;United States;Mac;TipTop;02.05.2019 12:54;02.05.2019 13:03;9.0;3.0;2.0;1823.0;60
898370108164;United States;Android;organic;02.05.2019 20:56;02.05.2019 21:05;9.0;3.0;2.0;1823.0;33
131619150410;United States;PC;organic;02.05.2019 3:42;02.05.2019 4:14;32.0;11.0;3.0;5847.0;36
738227732207;United States;iPhone;organic;02.05.2019 22:26;02.05.2019 22:35;9.0;3.0;2.0;1823.0;27
638584367534;United States;iPhone;TipTop;02.05.2019 9:31;02.05.2019 9:39;8.0;3.0;2.0;1823.0;48
942237232209;United States;Mac;organic;02.05.2019 4:57;02.05.2019 5:43;46.0;15.0;3.0;7764.0;54
408668484523;United States;Android;TipTop;02.05.2019 1:28;02.05.2019 2:06;38.0;13.0;3.0;6806.0;55
955458993897;United States;Android;organic;02.05.2019 22:25;02.05.2019 22:49;24.0;8.0;3.0;4411.0;34
272077639622;United States;PC;MediaTornado;02.05.2019 23:21;02.05.2019 23:29;8.0;3.0;2.0;1823.0;64
334225002076;United States;Android;MediaTornado;02.05.2019 15:39;02.05.2019 15:47;8.0;3.0;2.0;1823.0;50
335120150805;United States;PC;organic;02.05.2019 5:42;02.05.2019 5:51;9.0;3.0;2.0;1823.0;41
286551484333;United States;iPhone;organic;02.05.2019 7:09;02.05.2019 7:58;49.0;17.0;3.0;8722.0;25
484342911022;United States;Android;organic;02.05.2019 4:11;02.05.2019 5:33;82.0;27.0;5.0;13898.0;51
324306427447;United States;Android;FaceBoom;02.05.2019 16:32;02.05.2019 16:55;23.0;8.0;3.0;4411.0;29
960278728002;United States;Android;FaceBoom;02.05.2019 23:21;02.05.2019 23:30;9.0;3.0;2.0;1823.0;60
931534477821;United States;Mac;organic;02.05.2019 5:40;02.05.2019 6:08;28.0;10.0;3.0;5369.0;45
262620711897;United States;iPhone;organic;02.05.2019 15:45;02.05.2019 16:31;46.0;15.0;3.0;7764.0;35
237679252560;United States;iPhone;organic;02.05.2019 10:07;02.05.2019 10:32;25.0;8.0;3.0;4411.0;44
260916524415;United States;Android;organic;02.05.2019 13:23;02.05.2019 14:40;77.0;26.0;5.0;13418.0;38
518812325881;United States;Android;organic;02.05.2019 12:23;02.05.2019 13:46;83.0;28.0;6.0;14570.0;52
224707726156;United States;PC;TipTop;02.05.2019 13:41;02.05.2019 13:51;10.0;3.0;2.0;1823.0;50
137884931773;United States;Android;organic;02.05.2019 5:55;02.05.2019 6:04;9.0;3.0;2.0;1823.0;50
382394863972;United States;Mac;FaceBoom;02.05.2019 9:40;02.05.2019 10:10;30.0;10.0;3.0;5369.0;58
375268624962;United States;iPhone;MediaTornado;02.05.2019 3:55;02.05.2019 4:37;42.0;14.0;3.0;7284.0;29
614740168132;United States;Mac;TipTop;02.05.2019 23:54;03.05.2019 0:04;10.0;3.0;2.0;1823.0;42
864511840601;United States;Mac;FaceBoom;02.05.2019 4:55;02.05.2019 5:03;8.0;3.0;2.0;1823.0;35
850425634884;United States;iPhone;organic;02.05.2019 6:31;02.05.2019 6:40;9.0;3.0;2.0;1823.0;33
244664513427;United States;iPhone;organic;02.05.2019 16:33;02.05.2019 16:41;8.0;3.0;2.0;1823.0;43
827483099399;United States;PC;organic;02.05.2019 14:27;02.05.2019 15:18;51.0;17.0;3.0;8722.0;38
5854057089;United States;Mac;organic;02.05.2019 23:23;02.05.2019 23:53;30.0;10.0;3.0;5369.0;43
926983059667;United States;Mac;organic;02.05.2019 13:58;02.05.2019 14:08;10.0;3.0;2.0;1823.0;29
278453247122;United States;iPhone;organic;02.05.2019 7:39;02.05.2019 8:20;41.0;14.0;3.0;7284.0;47
850325381510;United States;Android;FaceBoom;02.05.2019 8:35;02.05.2019 9:57;82.0;27.0;5.0;13898.0;35
571391194394;United States;Mac;FaceBoom;02.05.2019 10:24;02.05.2019 10:32;8.0;3.0;2.0;1823.0;55
613130841423;United States;Mac;organic;02.05.2019 2:30;02.05.2019 3:53;83.0;28.0;6.0;14570.0;24
832006302323;United States;Mac;organic;02.05.2019 13:29;02.05.2019 14:29;60.0;20.0;4.0;10352.0;17
514461104674;United States;iPhone;TipTop;02.05.2019 0:52;02.05.2019 1:17;25.0;8.0;3.0;4411.0;47
458282149641;United States;iPhone;organic;02.05.2019 8:10;02.05.2019 8:20;10.0;3.0;2.0;1823.0;47
987123313250;United States;Android;organic;03.05.2019 10:02;03.05.2019 10:12;10.0;3.0;2.0;1823.0;15
635038012911;United States;iPhone;organic;03.05.2019 18:35;03.05.2019 18:45;10.0;3.0;2.0;1823.0;49
977124892485;United States;iPhone;organic;03.05.2019 13:02;03.05.2019 13:10;8.0;3.0;2.0;1823.0;43
969367764818;United States;Android;organic;02.05.2019 22:14;02.05.2019 22:49;35.0;12.0;3.0;6327.0;57
587832912542;United States;Android;organic;03.05.2019 11:29;03.05.2019 11:37;8.0;3.0;2.0;1823.0;20
596556743556;United States;Mac;organic;03.05.2019 22:17;03.05.2019 22:25;8.0;3.0;2.0;1823.0;43
324689022998;United States;PC;organic;03.05.2019 20:45;03.05.2019 20:54;9.0;3.0;2.0;1823.0;38
113111563180;United States;PC;TipTop;04.05.2019 6:41;04.05.2019 6:49;8.0;3.0;2.0;1823.0;38
815204019098;United States;Mac;organic;04.05.2019 7:52;04.05.2019 8:01;9.0;3.0;2.0;1823.0;36
136226778935;United States;Android;FaceBoom;01.05.2019 23:09;01.05.2019 23:21;12.0;4.0;2.0;2301.0;59
649481162824;United States;Android;organic;02.05.2019 6:50;02.05.2019 8:26;96.0;32.0;6.0;16486.0;67
776888182370;United States;iPhone;organic;01.05.2019 16:34;01.05.2019 16:45;11.0;4.0;2.0;2301.0;35
545857758580;United States;iPhone;organic;02.05.2019 3:36;02.05.2019 4:30;54.0;18.0;4.0;9394.0;23
672234064770;United States;iPhone;FaceBoom;02.05.2019 0:42;02.05.2019 2:18;96.0;32.0;6.0;16486.0;35
770275875154;United States;iPhone;MediaTornado;02.05.2019 8:45;02.05.2019 9:15;30.0;10.0;3.0;5369.0;60
749745446993;United States;Mac;organic;01.05.2019 11:25;01.05.2019 11:37;12.0;4.0;2.0;2301.0;15
42151693080;United States;Mac;organic;02.05.2019 22:11;02.05.2019 22:34;23.0;8.0;3.0;4411.0;45
191304915702;United States;iPhone;organic;02.05.2019 13:55;02.05.2019 14:29;34.0;12.0;3.0;6326.0;40
109843833662;United States;Android;organic;02.05.2019 22:44;02.05.2019 23:11;27.0;9.0;3.0;4889.0;52
971277577703;United States;iPhone;organic;02.05.2019 2:27;02.05.2019 3:16;49.0;17.0;3.0;8722.0;62
81131715035;United States;iPhone;organic;02.05.2019 14:35;02.05.2019 15:04;29.0;10.0;3.0;5369.0;56
6637059910;United States;Mac;FaceBoom;01.05.2019 12:17;01.05.2019 12:28;11.0;4.0;2.0;2301.0;34
546589305982;United States;Android;FaceBoom;02.05.2019 19:59;02.05.2019 20:32;33.0;12.0;3.0;6326.0;51
678936610986;United States;PC;organic;02.05.2019 20:40;02.05.2019 21:16;36.0;12.0;3.0;6327.0;29
628574586368;United States;iPhone;FaceBoom;02.05.2019 10:55;02.05.2019 11:32;37.0;12.0;3.0;6327.0;57
701672377659;United States;Android;organic;01.05.2019 9:31;01.05.2019 9:43;12.0;4.0;2.0;2301.0;41
427089510827;United States;PC;TipTop;02.05.2019 9:33;02.05.2019 10:15;42.0;14.0;3.0;7284.0;52
760705549556;United States;iPhone;TipTop;01.05.2019 18:07;01.05.2019 18:19;12.0;4.0;2.0;2301.0;36
489789197000;United States;Android;FaceBoom;02.05.2019 6:12;02.05.2019 6:40;28.0;10.0;3.0;5369.0;28
779773817948;United States;iPhone;organic;01.05.2019 3:49;01.05.2019 4:01;12.0;4.0;2.0;2301.0;26
845827615645;United States;Mac;organic;01.05.2019 1:11;01.05.2019 1:23;12.0;4.0;2.0;2301.0;27
550346814917;United States;Mac;organic;02.05.2019 19:58;02.05.2019 20:59;61.0;20.0;4.0;10352.0;34
18854267236;United States;PC;organic;01.05.2019 18:02;01.05.2019 18:14;12.0;4.0;2.0;2301.0;20
225882295024;United States;Android;organic;02.05.2019 23:21;03.05.2019 0:56;95.0;32.0;6.0;16486.0;21
127355982024;United States;iPhone;organic;01.05.2019 18:37;01.05.2019 18:49;12.0;4.0;2.0;2301.0;46
654098049631;United States;PC;organic;01.05.2019 6:27;01.05.2019 6:39;12.0;4.0;2.0;2301.0;51
272077639622;United States;iPhone;organic;01.05.2019 8:19;01.05.2019 8:31;12.0;4.0;2.0;2301.0;46
297087836166;United States;iPhone;organic;02.05.2019 21:16;02.05.2019 22:44;88.0;30.0;6.0;15528.0;34
798065683752;United States;Android;organic;02.05.2019 6:06;02.05.2019 7:32;86.0;29.0;6.0;15048.0;45
163781283147;United States;Android;TipTop;02.05.2019 23:33;03.05.2019 0:00;27.0;9.0;3.0;4889.0;61
680276258607;United States;Mac;organic;02.05.2019 20:16;02.05.2019 21:41;85.0;29.0;6.0;15048.0;23
427628674666;United States;Mac;organic;02.05.2019 6:16;02.05.2019 6:27;11.0;4.0;2.0;2301.0;35
883214177630;United States;iPhone;FaceBoom;02.05.2019 19:14;02.05.2019 19:39;25.0;8.0;3.0;4411.0;24
646221767633;United States;iPhone;TipTop;02.05.2019 2:09;02.05.2019 3:22;73.0;25.0;5.0;12940.0;54
192788188996;United States;Mac;MediaTornado;02.05.2019 5:51;02.05.2019 6:02;11.0;4.0;2.0;2301.0;32
616405068054;United States;iPhone;organic;02.05.2019 5:31;02.05.2019 7:56;145.0;49.0;9.0;25207.0;41
763901358434;United States;Mac;organic;02.05.2019 1:35;02.05.2019 2:21;46.0;15.0;3.0;7764.0;25
985668657784;United States;Android;organic;02.05.2019 2:44;02.05.2019 2:55;11.0;4.0;2.0;2301.0;15
522568277495;United States;PC;organic;02.05.2019 19:26;02.05.2019 19:37;11.0;4.0;2.0;2301.0;42
987236448851;United States;iPhone;organic;02.05.2019 2:50;02.05.2019 3:19;29.0;10.0;3.0;5369.0;32
829679777937;United States;Android;organic;02.05.2019 22:38;02.05.2019 22:49;11.0;4.0;2.0;2301.0;29
278926553340;United States;PC;organic;02.05.2019 21:05;02.05.2019 21:47;42.0;14.0;3.0;7284.0;28
749991444363;United States;PC;TipTop;02.05.2019 0:22;02.05.2019 0:33;11.0;4.0;2.0;2301.0;45
781768951690;United States;iPhone;organic;02.05.2019 13:51;02.05.2019 14:02;11.0;4.0;2.0;2301.0;62
697807288880;United States;Mac;TipTop;02.05.2019 4:25;02.05.2019 4:37;12.0;4.0;2.0;2301.0;34
960278728002;United States;iPhone;organic;02.05.2019 14:52;02.05.2019 15:03;11.0;4.0;2.0;2301.0;38
543406601872;United States;iPhone;organic;02.05.2019 11:17;02.05.2019 12:34;77.0;26.0;5.0;13418.0;14
486667321487;United States;iPhone;organic;02.05.2019 18:38;02.05.2019 18:50;12.0;4.0;2.0;2301.0;27
618859414270;United States;iPhone;organic;02.05.2019 2:03;02.05.2019 2:15;12.0;4.0;2.0;2301.0;49
176343555200;United States;Mac;TipTop;02.05.2019 11:19;02.05.2019 11:45;26.0;9.0;3.0;4889.0;45
921862398832;United States;iPhone;organic;02.05.2019 20:00;02.05.2019 20:33;33.0;12.0;3.0;6326.0;35
192411464595;United States;iPhone;FaceBoom;02.05.2019 20:44;02.05.2019 21:14;30.0;10.0;3.0;5369.0;50
385089417030;United States;iPhone;organic;02.05.2019 6:11;02.05.2019 6:23;12.0;4.0;2.0;2301.0;47
176959051255;United States;PC;TipTop;02.05.2019 9:31;02.05.2019 10:04;33.0;12.0;3.0;6326.0;18
488255862804;United States;Android;organic;02.05.2019 5:53;02.05.2019 6:31;38.0;13.0;3.0;6806.0;47
767376432915;United States;Mac;organic;02.05.2019 11:55;02.05.2019 12:07;12.0;4.0;2.0;2301.0;23
268756360170;United States;iPhone;organic;02.05.2019 9:35;02.05.2019 10:27;52.0;17.0;3.0;8722.0;25
173462921030;United States;iPhone;FaceBoom;02.05.2019 8:26;02.05.2019 9:17;51.0;17.0;3.0;8722.0;17
751932449724;United States;iPhone;organic;02.05.2019 12:09;02.05.2019 12:21;12.0;4.0;2.0;2301.0;66
858215590167;United States;Android;organic;02.05.2019 13:00;02.05.2019 13:11;11.0;4.0;2.0;2301.0;52
788456453608;United States;iPhone;organic;02.05.2019 18:45;02.05.2019 18:57;12.0;4.0;2.0;2301.0;22
645547903112;United States;Android;FaceBoom;02.05.2019 3:14;02.05.2019 3:49;35.0;12.0;3.0;6327.0;21
227343722466;United States;Mac;organic;02.05.2019 16:36;02.05.2019 16:48;12.0;4.0;2.0;2301.0;52
448141836871;United States;iPhone;organic;02.05.2019 20:03;02.05.2019 20:14;11.0;4.0;2.0;2301.0;49
202095269121;United States;Android;organic;02.05.2019 2:54;02.05.2019 3:06;12.0;4.0;2.0;2301.0;41
207946816411;United States;Mac;organic;02.05.2019 3:04;02.05.2019 3:16;12.0;4.0;2.0;2301.0;27
464742069162;United States;Android;organic;02.05.2019 17:54;02.05.2019 18:05;11.0;4.0;2.0;2301.0;46
575507633672;United States;PC;FaceBoom;02.05.2019 21:36;02.05.2019 22:31;55.0;19.0;4.0;9872.0;42
101146825640;United States;Android;organic;02.05.2019 13:25;02.05.2019 14:53;88.0;30.0;6.0;15528.0;45
480560185060;United States;iPhone;organic;02.05.2019 17:37;02.05.2019 17:49;12.0;4.0;2.0;2301.0;54
666126162157;United States;Android;FaceBoom;02.05.2019 1:22;02.05.2019 1:33;11.0;4.0;2.0;2301.0;31
67486407139;United States;iPhone;TipTop;02.05.2019 3:31;02.05.2019 3:43;12.0;4.0;2.0;2301.0;52
381232762069;United States;iPhone;FaceBoom;02.05.2019 22:22;02.05.2019 22:34;12.0;4.0;2.0;2301.0;50
50527299863;United States;PC;organic;02.05.2019 23:13;02.05.2019 23:24;11.0;4.0;2.0;2301.0;64
206499654109;United States;Mac;organic;02.05.2019 9:38;02.05.2019 9:49;11.0;4.0;2.0;2301.0;21
803524390344;United States;Android;organic;02.05.2019 0:19;02.05.2019 0:56;37.0;12.0;3.0;6327.0;28
939238426297;United States;Mac;organic;02.05.2019 8:33;02.05.2019 9:25;52.0;17.0;3.0;8722.0;52
174454347279;United States;iPhone;TipTop;02.05.2019 0:57;02.05.2019 1:35;38.0;13.0;3.0;6806.0;33
433055995944;United States;Mac;organic;02.05.2019 23:00;02.05.2019 23:34;34.0;12.0;3.0;6326.0;27
408121698518;United States;Android;FaceBoom;02.05.2019 12:53;02.05.2019 13:50;57.0;19.0;4.0;9872.0;60
246275752026;United States;iPhone;MediaTornado;02.05.2019 13:53;02.05.2019 14:39;46.0;15.0;3.0;7764.0;71
209848494597;United States;Mac;TipTop;02.05.2019 6:15;02.05.2019 6:27;12.0;4.0;2.0;2301.0;31
482267088412;United States;Mac;organic;02.05.2019 3:10;02.05.2019 3:39;29.0;10.0;3.0;5369.0;27
540188159481;United States;Mac;FaceBoom;02.05.2019 6:18;02.05.2019 6:29;11.0;4.0;2.0;2301.0;63
606148170124;United States;iPhone;organic;02.05.2019 0:59;02.05.2019 1:29;30.0;10.0;3.0;5369.0;35
186640005583;United States;iPhone;organic;02.05.2019 17:49;02.05.2019 18:00;11.0;4.0;2.0;2301.0;23
501990835449;United States;iPhone;FaceBoom;02.05.2019 20:16;02.05.2019 20:27;11.0;4.0;2.0;2301.0;57
648200077236;United States;Mac;organic;02.05.2019 3:15;02.05.2019 3:57;42.0;14.0;3.0;7284.0;39
25586955627;United States;Android;FaceBoom;02.05.2019 18:28;02.05.2019 18:39;11.0;4.0;2.0;2301.0;54
567448391903;United States;Android;organic;02.05.2019 22:38;02.05.2019 22:50;12.0;4.0;2.0;2301.0;35
155632650276;United States;iPhone;organic;02.05.2019 13:02;02.05.2019 14:28;86.0;29.0;6.0;15048.0;35
640406227215;United States;iPhone;TipTop;02.05.2019 19:26;02.05.2019 19:56;30.0;10.0;3.0;5369.0;25
289984769778;United States;Mac;organic;02.05.2019 14:25;02.05.2019 14:58;33.0;12.0;3.0;6326.0;37
689457580148;United States;Android;MediaTornado;02.05.2019 19:24;02.05.2019 19:36;12.0;4.0;2.0;2301.0;32
391268191626;United States;Android;FaceBoom;03.05.2019 12:21;03.05.2019 12:32;11.0;4.0;2.0;2301.0;39
205180906195;United States;iPhone;TipTop;02.05.2019 15:07;02.05.2019 15:31;24.0;8.0;3.0;4411.0;51
215931197243;United States;Android;organic;03.05.2019 4:44;03.05.2019 4:56;12.0;4.0;2.0;2301.0;40
443806738018;United States;iPhone;organic;03.05.2019 1:44;03.05.2019 1:55;11.0;4.0;2.0;2301.0;37
219726565437;United States;iPhone;organic;03.05.2019 3:49;03.05.2019 4:00;11.0;4.0;2.0;2301.0;15
377703720253;United States;iPhone;organic;02.05.2019 10:10;02.05.2019 11:52;102.0;34.0;7.0;17636.0;39
589320347244;United States;iPhone;organic;01.05.2019 20:03;01.05.2019 20:19;16.0;5.0;2.0;2781.0;54
165309433157;United States;Android;organic;01.05.2019 13:39;01.05.2019 13:52;13.0;5.0;2.0;2781.0;45
588499264097;United States;iPhone;organic;01.05.2019 16:38;01.05.2019 16:52;14.0;5.0;2.0;2781.0;50
957341100357;United States;iPhone;FaceBoom;01.05.2019 5:04;01.05.2019 5:19;15.0;5.0;2.0;2781.0;16
66320894054;United States;iPhone;organic;01.05.2019 20:00;01.05.2019 20:15;15.0;5.0;2.0;2781.0;58
322106255921;United States;Mac;organic;01.05.2019 17:59;01.05.2019 18:16;17.0;5.0;2.0;2781.0;53
861641893424;Russia;iPhone;organic;01.05.2019 5:51;01.05.2019 6:05;14.0;5.0;2.0;2781.0;20
947466024774;United States;iPhone;organic;02.05.2019 2:15;02.05.2019 2:56;41.0;14.0;3.0;7284.0;54
21864304848;United States;IPHONE;organic;01.05.2019 1:27;01.05.2019 1:44;17.0;5.0;2.0;2781.0;42
752733425690;United States;iPhone;FaceBoom;01.05.2019 12:55;01.05.2019 13:08;13.0;5.0;2.0;2781.0;38
216926444139;United States;Mac;organic;02.05.2019 10:10;02.05.2019 10:39;29.0;10.0;3.0;5369.0;49
278539725685;United States;iPhone;organic;02.05.2019 4:07;02.05.2019 4:42;35.0;12.0;3.0;6327.0;24
691059545972;United States;Mac;FaceBoom;01.05.2019 5:33;01.05.2019 5:49;16.0;5.0;2.0;2781.0;27
104520297213;United States;Mac;organic;01.05.2019 13:37;01.05.2019 13:50;13.0;5.0;2.0;2781.0;34
275371951655;United States;PC;FaceBoom;02.05.2019 2:41;02.05.2019 3:04;23.0;8.0;3.0;4411.0;50
59058997486;United States;iPhone;organic;02.05.2019 2:41;02.05.2019 3:46;65.0;22.0;4.0;11310.0;49
529610067795;United States;Android;organic;01.05.2019 16:37;01.05.2019 16:52;15.0;5.0;2.0;2781.0;44
388127576567;United States;Mac;organic;01.05.2019 14:35;01.05.2019 14:48;13.0;5.0;2.0;2781.0;35
346019138858;United States;Android;organic;01.05.2019 17:52;01.05.2019 18:05;13.0;5.0;2.0;2781.0;34
306581008273;United States;Android;organic;02.05.2019 21:03;02.05.2019 21:44;41.0;14.0;3.0;7284.0;50
10887840082;United States;Mac;organic;02.05.2019 16:04;02.05.2019 16:35;31.0;10.0;3.0;5369.0;50
882186090341;United States;PC;organic;02.05.2019 13:44;02.05.2019 14:45;61.0;20.0;4.0;10352.0;27
666126162157;United States;Android;TipTop;01.05.2019 1:58;01.05.2019 2:12;14.0;5.0;2.0;2781.0;42
36887497860;United States;Mac;organic;02.05.2019 6:14;02.05.2019 7:23;69.0;24.0;5.0;12460.0;50
765238003221;United States;PC;organic;01.05.2019 6:56;01.05.2019 7:09;13.0;5.0;2.0;2781.0;31
396403498890;United States;PC;FaceBoom;01.05.2019 16:21;01.05.2019 16:38;17.0;5.0;2.0;2781.0;37
762967736114;United States;Mac;TipTop;01.05.2019 16:53;01.05.2019 17:08;15.0;5.0;2.0;2781.0;53
493234349366;United States;Mac;organic;02.05.2019 0:12;02.05.2019 0:47;35.0;12.0;3.0;6327.0;54
90242400005;United States;iPhone;TipTop;02.05.2019 12:39;02.05.2019 14:30;111.0;37.0;7.0;19073.0;33
950155944709;United States;iPhone;organic;01.05.2019 0:46;01.05.2019 0:59;13.0;5.0;2.0;2781.0;51
244878945432;United States;Mac;TipTop;02.05.2019 11:43;02.05.2019 12:53;70.0;24.0;5.0;12460.0;42
784885401335;United States;Mac;FaceBoom;02.05.2019 19:17;02.05.2019 20:45;88.0;30.0;6.0;15528.0;67
253136183810;United States;Android;FaceBoom;02.05.2019 14:28;02.05.2019 15:09;41.0;14.0;3.0;7284.0;56
992236261045;United States;Android;organic;01.05.2019 16:11;01.05.2019 16:27;16.0;5.0;2.0;2781.0;54
181066576860;United States;iPhone;organic;02.05.2019 13:52;02.05.2019 14:15;23.0;8.0;3.0;4411.0;59
172680080954;United States;Android;organic;02.05.2019 19:38;02.05.2019 20:36;58.0;20.0;4.0;10352.0;62
48681240131;United States;iPhone;FaceBoom;01.05.2019 1:25;01.05.2019 1:38;13.0;5.0;2.0;2781.0;29
265181148831;United States;Mac;organic;01.05.2019 21:44;01.05.2019 21:58;14.0;5.0;2.0;2781.0;45
293820189249;United States;iPhone;organic;02.05.2019 13:30;02.05.2019 14:04;34.0;12.0;3.0;6326.0;57
861641893424;United States;Android;organic;02.05.2019 3:26;02.05.2019 4:03;37.0;12.0;3.0;6327.0;49
645681897253;United States;iPhone;TipTop;02.05.2019 7:24;02.05.2019 7:56;32.0;11.0;3.0;5847.0;60
266796485208;United States;Android;FaceBoom;01.05.2019 11:09;01.05.2019 11:26;17.0;5.0;2.0;2781.0;42
639353625408;United States;Android;organic;02.05.2019 12:39;02.05.2019 13:33;54.0;18.0;4.0;9394.0;24
193700432376;United States;Android;organic;01.05.2019 10:32;01.05.2019 10:49;17.0;5.0;2.0;2781.0;56
6637059910;United States;Mac;TipTop;02.05.2019 13:08;02.05.2019 14:56;108.0;37.0;7.0;19073.0;56
867082222345;United States;iPhone;organic;02.05.2019 15:23;02.05.2019 16:05;42.0;14.0;3.0;7284.0;25
736133168801;United States;Android;organic;01.05.2019 5:34;01.05.2019 5:50;16.0;5.0;2.0;2781.0;28
64868737546;United States;PC;FaceBoom;01.05.2019 13:13;01.05.2019 13:29;16.0;5.0;2.0;2781.0;60
222125642245;United States;Mac;organic;02.05.2019 6:07;02.05.2019 6:33;26.0;9.0;3.0;4889.0;28
507976396711;United States;iPhone;TipTop;01.05.2019 1:28;01.05.2019 1:41;13.0;5.0;2.0;2781.0;16
227135660441;United States;Mac;organic;01.05.2019 15:47;01.05.2019 16:04;17.0;5.0;2.0;2781.0;19
379285585609;United States;Mac;organic;02.05.2019 6:34;02.05.2019 7:15;41.0;14.0;3.0;7284.0;29
529610067795;United States;PC;FaceBoom;02.05.2019 6:19;02.05.2019 7:07;48.0;17.0;3.0;8722.0;63
478571391815;United States;iPhone;organic;01.05.2019 2:21;01.05.2019 2:38;17.0;5.0;2.0;2781.0;35
226868412926;United States;Android;organic;02.05.2019 1:23;02.05.2019 2:12;49.0;17.0;3.0;8722.0;51
692710478834;United States;iPhone;organic;01.05.2019 0:06;01.05.2019 0:19;13.0;5.0;2.0;2781.0;53
846285993293;United States;iPhone;organic;01.05.2019 9:54;01.05.2019 10:10;16.0;5.0;2.0;2781.0;53
129100331057;United States;Android;organic;02.05.2019 14:26;02.05.2019 15:05;39.0;13.0;3.0;6806.0;20
611752998439;United States;Mac;organic;01.05.2019 20:40;01.05.2019 20:55;15.0;5.0;2.0;2781.0;27
209848494597;United States;Mac;organic;01.05.2019 2:12;01.05.2019 2:27;15.0;5.0;2.0;2781.0;30
615206550301;United States;Mac;organic;01.05.2019 1:38;01.05.2019 1:55;17.0;5.0;2.0;2781.0;44
751165176839;United States;iPhone;organic;02.05.2019 7:00;02.05.2019 8:42;102.0;34.0;7.0;17636.0;28
30904692333;United States;iPhone;FaceBoom;01.05.2019 5:15;01.05.2019 5:29;14.0;5.0;2.0;2781.0;27
382310304597;United States;iPhone;organic;02.05.2019 15:13;02.05.2019 16:04;51.0;17.0;3.0;8722.0;46
217122892307;United States;Mac;organic;01.05.2019 4:18;01.05.2019 4:31;13.0;5.0;2.0;2781.0;57
600650801505;United States;iPhone;organic;02.05.2019 4:12;02.05.2019 4:26;14.0;5.0;2.0;2781.0;23
265181148831;United States;Android;organic;02.05.2019 22:43;02.05.2019 23:37;54.0;18.0;4.0;9394.0;57
984009345980;United States;iPhone;organic;02.05.2019 10:02;02.05.2019 10:16;14.0;5.0;2.0;2781.0;55
275686335511;United States;Mac;TipTop;02.05.2019 19:54;02.05.2019 21:00;66.0;22.0;4.0;11310.0;34
498607736711;United States;Mac;organic;02.05.2019 11:35;02.05.2019 12:09;34.0;12.0;3.0;6326.0;45
117255506011;United States;PC;FaceBoom;02.05.2019 10:44;02.05.2019 10:57;13.0;5.0;2.0;2781.0;46
378259772247;United States;Mac;organic;02.05.2019 16:34;02.05.2019 16:49;15.0;5.0;2.0;2781.0;38
179084656995;United States;iPhone;organic;02.05.2019 11:19;02.05.2019 11:55;36.0;12.0;3.0;6327.0;59
951898498798;United States;iPhone;organic;02.05.2019 0:45;02.05.2019 0:59;14.0;5.0;2.0;2781.0;34
18854267236;United States;iPhone;organic;02.05.2019 4:01;02.05.2019 4:34;33.0;12.0;3.0;6326.0;20
71021174060;United States;Mac;organic;02.05.2019 19:15;02.05.2019 19:58;43.0;15.0;3.0;7764.0;54
229427452419;United States;iPhone;organic;02.05.2019 22:03;02.05.2019 22:19;16.0;5.0;2.0;2781.0;43
617896122172;United States;PC;FaceBoom;02.05.2019 23:08;02.05.2019 23:25;17.0;5.0;2.0;2781.0;42
357758934759;United States;Android;TipTop;02.05.2019 12:12;02.05.2019 12:26;14.0;5.0;2.0;2781.0;47
5015155420;United States;Android;MediaTornado;02.05.2019 17:35;02.05.2019 17:48;13.0;5.0;2.0;2781.0;46
10404332026;United States;Android;organic;02.05.2019 19:08;02.05.2019 20:13;65.0;22.0;4.0;11310.0;33
23288059743;United States;iPhone;organic;02.05.2019 20:10;02.05.2019 20:25;15.0;5.0;2.0;2781.0;49
222737942966;United States;Mac;organic;02.05.2019 16:26;02.05.2019 17:10;44.0;15.0;3.0;7764.0;28
482867495306;United States;iPhone;organic;02.05.2019 12:49;02.05.2019 13:03;14.0;5.0;2.0;2781.0;28
462972854783;United States;Mac;organic;02.05.2019 0:30;02.05.2019 0:45;15.0;5.0;2.0;2781.0;44
819045144139;United States;Android;FaceBoom;02.05.2019 7:16;02.05.2019 8:09;53.0;18.0;4.0;9394.0;20
186030781350;United States;iPhone;organic;02.05.2019 17:43;02.05.2019 18:24;41.0;14.0;3.0;7284.0;25
954277860460;United States;iPhone;organic;02.05.2019 22:40;02.05.2019 22:56;16.0;5.0;2.0;2781.0;58
747288086521;United States;PC;FaceBoom;02.05.2019 0:43;02.05.2019 1:07;24.0;8.0;3.0;4411.0;54
379907652723;United States;Android;organic;02.05.2019 17:28;02.05.2019 17:45;17.0;5.0;2.0;2781.0;60
66448315388;United States;iPhone;organic;02.05.2019 3:55;02.05.2019 4:11;16.0;5.0;2.0;2781.0;56
428769597608;United States;iPhone;FaceBoom;02.05.2019 23:58;03.05.2019 0:13;15.0;5.0;2.0;2781.0;39
46064941012;United States;Mac;FaceBoom;02.05.2019 13:48;02.05.2019 14:13;25.0;8.0;3.0;4411.0;38
321036182822;United States;iPhone;TipTop;02.05.2019 19:31;02.05.2019 20:07;36.0;12.0;3.0;6327.0;36
224707726156;United States;iPhone;organic;02.05.2019 7:35;02.05.2019 7:50;15.0;5.0;2.0;2781.0;34
688282120291;United States;iPhone;organic;02.05.2019 12:20;02.05.2019 12:36;16.0;5.0;2.0;2781.0;27
306063138067;United States;Mac;organic;02.05.2019 7:13;02.05.2019 7:27;14.0;5.0;2.0;2781.0;55
847576534572;United States;iPhone;TipTop;02.05.2019 9:37;02.05.2019 9:54;17.0;5.0;2.0;2781.0;22
213379210527;United States;iPhone;TipTop;02.05.2019 22:09;02.05.2019 23:06;57.0;19.0;4.0;9872.0;40
327680359058;United States;PC;organic;02.05.2019 4:51;02.05.2019 5:07;16.0;5.0;2.0;2781.0;30
614740168132;United States;iPhone;organic;02.05.2019 21:55;02.05.2019 22:08;13.0;5.0;2.0;2781.0;49
627326523415;United States;Android;organic;02.05.2019 14:34;02.05.2019 14:51;17.0;5.0;2.0;2781.0;48
221842961701;United States;Mac;organic;02.05.2019 17:09;02.05.2019 17:26;17.0;5.0;2.0;2781.0;33
238255443220;United States;Mac;organic;02.05.2019 9:55;02.05.2019 10:50;55.0;19.0;4.0;9872.0;50
927823413821;United States;iPhone;organic;02.05.2019 18:47;02.05.2019 19:53;66.0;22.0;4.0;11310.0;38
813819644146;United States;Mac;organic;02.05.2019 17:48;02.05.2019 18:02;14.0;5.0;2.0;2781.0;38
25586955627;United States;PC;organic;02.05.2019 13:55;02.05.2019 14:12;17.0;5.0;2.0;2781.0;38
174581195170;United States;Mac;organic;02.05.2019 3:37;02.05.2019 4:00;23.0;8.0;3.0;4411.0;24
431648587600;United States;Mac;organic;02.05.2019 8:48;02.05.2019 9:44;56.0;19.0;4.0;9872.0;60
355761474010;United States;iPhone;organic;02.05.2019 17:33;02.05.2019 17:46;13.0;5.0;2.0;2781.0;45
700534996463;United States;iPhone;TipTop;02.05.2019 8:27;02.05.2019 9:07;40.0;14.0;3.0;7284.0;51
331972762210;United States;Android;FaceBoom;02.05.2019 11:20;02.05.2019 11:36;16.0;5.0;2.0;2781.0;38
150118026206;United States;Mac;organic;02.05.2019 13:10;02.05.2019 13:39;29.0;10.0;3.0;5369.0;38
172991619815;United States;Mac;MediaTornado;02.05.2019 10:26;02.05.2019 10:40;14.0;5.0;2.0;2781.0;50
350235853322;United States;iPhone;organic;02.05.2019 23:42;02.05.2019 23:56;14.0;5.0;2.0;2781.0;21
353725123625;United States;Android;TipTop;02.05.2019 8:24;02.05.2019 8:49;25.0;8.0;3.0;4411.0;47
557554672821;United States;iPhone;TipTop;02.05.2019 1:52;02.05.2019 2:34;42.0;14.0;3.0;7284.0;37
396403498890;United States;Android;organic;02.05.2019 18:20;02.05.2019 18:37;17.0;5.0;2.0;2781.0;37
931935743840;United States;iPhone;organic;02.05.2019 15:27;02.05.2019 16:30;63.0;22.0;4.0;11310.0;51
414095973733;United States;iPhone;FaceBoom;02.05.2019 10:26;02.05.2019 10:43;17.0;5.0;2.0;2781.0;50
929408648749;United States;Android;organic;02.05.2019 5:50;02.05.2019 7:29;99.0;34.0;7.0;17636.0;49
110865119989;United States;Android;organic;02.05.2019 0:51;02.05.2019 1:36;45.0;15.0;3.0;7764.0;60
229427452419;United States;Mac;FaceBoom;02.05.2019 23:15;02.05.2019 23:43;28.0;10.0;3.0;5369.0;31
630970140707;United States;iPhone;organic;02.05.2019 5:18;02.05.2019 5:35;17.0;5.0;2.0;2781.0;34
808504763381;United States;iPhone;organic;02.05.2019 18:41;02.05.2019 19:07;26.0;9.0;3.0;4889.0;54
686572780536;United States;Mac;organic;02.05.2019 16:25;02.05.2019 17:07;42.0;14.0;3.0;7284.0;35
25732375218;United States;Android;organic;02.05.2019 14:22;02.05.2019 14:36;14.0;5.0;2.0;2781.0;51
612902101251;United States;iPhone;organic;02.05.2019 9:55;02.05.2019 11:26;91.0;31.0;6.0;16006.0;41
317750896293;United States;PC;TipTop;02.05.2019 21:16;02.05.2019 21:39;23.0;8.0;3.0;4411.0;55
881948329001;United States;Mac;organic;02.05.2019 23:37;02.05.2019 23:51;14.0;5.0;2.0;2781.0;36
998513020664;United States;iPhone;organic;02.05.2019 5:02;02.05.2019 6:07;65.0;22.0;4.0;11310.0;43
869845223867;United States;iPhone;organic;02.05.2019 0:33;02.05.2019 0:47;14.0;5.0;2.0;2781.0;50
852898876338;United States;Mac;organic;02.05.2019 8:17;02.05.2019 8:30;13.0;5.0;2.0;2781.0;65
678936610986;United States;Android;organic;02.05.2019 22:41;02.05.2019 22:54;13.0;5.0;2.0;2781.0;10
763901358434;United States;iPhone;FaceBoom;02.05.2019 22:44;02.05.2019 22:58;14.0;5.0;2.0;2781.0;29
985668657784;United States;Android;organic;02.05.2019 3:03;02.05.2019 3:46;43.0;15.0;3.0;7764.0;50
841689865249;United States;PC;organic;02.05.2019 12:36;02.05.2019 13:36;60.0;20.0;4.0;10352.0;50
23288059743;United States;iPhone;organic;02.05.2019 4:30;02.05.2019 5:12;42.0;14.0;3.0;7284.0;57
744624457965;United States;PC;organic;02.05.2019 17:26;02.05.2019 17:40;14.0;5.0;2.0;2781.0;45
543406601872;United States;iPhone;TipTop;02.05.2019 9:30;02.05.2019 9:45;15.0;5.0;2.0;2781.0;28
907274252287;United States;iPhone;TipTop;02.05.2019 1:15;02.05.2019 1:52;37.0;12.0;3.0;6327.0;36
711033199052;United States;iPhone;organic;02.05.2019 3:36;02.05.2019 4:46;70.0;24.0;5.0;12460.0;37
488255862804;United States;Android;TipTop;02.05.2019 20:57;02.05.2019 21:12;15.0;5.0;2.0;2781.0;48
205180906195;United States;PC;organic;02.05.2019 14:20;02.05.2019 14:33;13.0;5.0;2.0;2781.0;23
155076636505;United States;iPhone;FaceBoom;02.05.2019 19:48;02.05.2019 20:56;68.0;23.0;5.0;11982.0;18
59058997486;United States;iPhone;organic;02.05.2019 5:38;02.05.2019 5:55;17.0;5.0;2.0;2781.0;13
32302092319;United States;iPhone;FaceBoom;02.05.2019 16:46;02.05.2019 16:59;13.0;5.0;2.0;2781.0;23
759455956757;United States;iPhone;organic;02.05.2019 21:52;02.05.2019 22:41;49.0;17.0;3.0;8722.0;47
482867495306;United States;iPhone;organic;02.05.2019 2:02;02.05.2019 2:32;30.0;10.0;3.0;5369.0;40
683323932606;United States;iPhone;FaceBoom;02.05.2019 4:04;02.05.2019 4:21;17.0;5.0;2.0;2781.0;30
650269084690;United States;iPhone;organic;02.05.2019 11:17;02.05.2019 11:40;23.0;8.0;3.0;4411.0;49
933016769344;United States;Android;MediaTornado;02.05.2019 14:41;02.05.2019 14:54;13.0;5.0;2.0;2781.0;42
533344821589;United States;iPhone;organic;02.05.2019 18:37;02.05.2019 18:54;17.0;5.0;2.0;2781.0;35
103677291144;United States;Mac;organic;02.05.2019 17:04;02.05.2019 17:33;29.0;10.0;3.0;5369.0;48
942237232209;United States;iPhone;organic;02.05.2019 9:40;02.05.2019 10:40;60.0;20.0;4.0;10352.0;39
515414286077;United States;Android;MediaTornado;02.05.2019 11:34;02.05.2019 12:39;65.0;22.0;4.0;11310.0;56
371925322116;United States;iPhone;organic;02.05.2019 18:17;02.05.2019 18:32;15.0;5.0;2.0;2781.0;56
748577009560;United States;iPhone;organic;02.05.2019 21:21;02.05.2019 22:38;77.0;26.0;5.0;13418.0;35
784450361673;United States;Android;organic;02.05.2019 9:06;02.05.2019 9:23;17.0;5.0;2.0;2781.0;47
972285827853;United States;iPhone;TipTop;02.05.2019 8:57;02.05.2019 9:14;17.0;5.0;2.0;2781.0;52
308230767458;United States;Android;organic;02.05.2019 7:32;02.05.2019 7:48;16.0;5.0;2.0;2781.0;60
832006302323;United States;Mac;organic;02.05.2019 23:26;03.05.2019 0:32;66.0;22.0;4.0;11310.0;43
943329172271;United States;Mac;organic;02.05.2019 9:55;02.05.2019 10:11;16.0;5.0;2.0;2781.0;30
682831730517;United States;iPhone;TipTop;02.05.2019 11:06;02.05.2019 11:58;52.0;17.0;3.0;8722.0;36
460978556137;United States;Mac;organic;02.05.2019 13:18;02.05.2019 13:34;16.0;5.0;2.0;2781.0;39
770275875154;United States;Mac;organic;02.05.2019 11:35;02.05.2019 12:10;35.0;12.0;3.0;6327.0;42
109843833662;United States;iPhone;FaceBoom;02.05.2019 8:15;02.05.2019 8:53;38.0;13.0;3.0;6806.0;50
499159390639;United States;iPhone;FaceBoom;02.05.2019 1:31;02.05.2019 1:57;26.0;9.0;3.0;4889.0;26
280533319629;United States;iPhone;organic;03.05.2019 15:10;03.05.2019 15:23;13.0;5.0;2.0;2781.0;53
385089417030;United States;iPhone;organic;02.05.2019 2:39;02.05.2019 3:42;63.0;22.0;4.0;11310.0;50
631281582293;United States;iPhone;organic;02.05.2019 8:11;02.05.2019 9:04;53.0;18.0;4.0;9394.0;53
414844422494;United States;Mac;FaceBoom;03.05.2019 13:28;03.05.2019 13:44;16.0;5.0;2.0;2781.0;53
297087836166;United States;iPhone;TipTop;02.05.2019 4:52;02.05.2019 5:40;48.0;17.0;3.0;8722.0;71
163781283147;United States;iPhone;organic;02.05.2019 9:40;02.05.2019 10:31;51.0;17.0;3.0;8722.0;51
758457736569;United States;iPhone;organic;03.05.2019 17:14;03.05.2019 17:30;16.0;5.0;2.0;2781.0;16
751932449724;United States;Mac;organic;02.05.2019 3:38;02.05.2019 4:21;43.0;15.0;3.0;7764.0;43
858215590167;United States;iPhone;organic;02.05.2019 18:48;02.05.2019 20:14;86.0;29.0;6.0;15048.0;58
176773216714;United States;Mac;FaceBoom;03.05.2019 3:03;03.05.2019 3:16;13.0;5.0;2.0;2781.0;21
765170403257;United States;iPhone;organic;03.05.2019 1:16;03.05.2019 1:30;14.0;5.0;2.0;2781.0;45
546810220683;United States;Mac;TipTop;03.05.2019 4:26;03.05.2019 4:40;14.0;5.0;2.0;2781.0;26
176959051255;United States;iPhone;organic;02.05.2019 17:48;02.05.2019 19:06;78.0;27.0;5.0;13897.0;30
2346324608;United States;Android;TipTop;04.05.2019 19:32;04.05.2019 19:48;16.0;5.0;2.0;2781.0;37
692718872746;United States;iPhone;TipTop;02.05.2019 0:55;02.05.2019 1:52;57.0;19.0;4.0;9872.0;46
337182715839;United States;iPhone;TipTop;04.05.2019 0:13;04.05.2019 0:26;13.0;5.0;2.0;2781.0;54
491388450802;United States;Android;FaceBoom;04.05.2019 3:33;04.05.2019 3:46;13.0;5.0;2.0;2781.0;38
133093681678;United States;iPhone;organic;02.05.2019 2:09;02.05.2019 2:40;31.0;10.0;3.0;5369.0;33
384456339120;United States;Mac;organic;04.05.2019 3:01;04.05.2019 3:15;14.0;5.0;2.0;2781.0;19
648200077236;United States;iPhone;organic;02.05.2019 2:20;02.05.2019 2:52;32.0;11.0;3.0;5847.0;35
185365244969;United States;Mac;TipTop;01.05.2019 4:39;01.05.2019 4:57;18.0;6.0;2.0;3260.0;32
724881085036;United States;iPhone;FaceBoom;01.05.2019 7:54;01.05.2019 8:12;18.0;6.0;2.0;3260.0;44
172991619815;United States;Mac;FaceBoom;01.05.2019 11:33;01.05.2019 11:51;18.0;6.0;2.0;3260.0;35
586499238627;United States;Mac;organic;01.05.2019 16:32;01.05.2019 16:50;18.0;6.0;2.0;3260.0;55
608835213891;United States;Mac;organic;02.05.2019 1:50;02.05.2019 2:16;26.0;9.0;3.0;4889.0;35
160941187397;United States;iPhone;organic;01.05.2019 17:38;01.05.2019 17:56;18.0;6.0;2.0;3260.0;27
232645811069;United States;Android;MediaTornado;02.05.2019 15:58;02.05.2019 16:21;23.0;8.0;3.0;4411.0;30
935133189111;United States;Mac;organic;01.05.2019 20:21;01.05.2019 20:39;18.0;6.0;2.0;3260.0;50
36887497860;United States;iPhone;TipTop;02.05.2019 8:14;02.05.2019 8:57;43.0;15.0;3.0;7764.0;49
963073723447;United States;Mac;organic;01.05.2019 0:18;01.05.2019 0:36;18.0;6.0;2.0;3260.0;41
653462760786;United States;iPhone;organic;02.05.2019 8:58;02.05.2019 9:43;45.0;15.0;3.0;7764.0;39
968223987665;United States;iPhone;TipTop;01.05.2019 14:25;01.05.2019 14:43;18.0;6.0;2.0;3260.0;32
210615724904;United States;Mac;FaceBoom;02.05.2019 10:41;02.05.2019 10:59;18.0;6.0;2.0;3260.0;29
36345234521;United States;iPhone;organic;02.05.2019 11:20;02.05.2019 11:52;32.0;11.0;3.0;5847.0;41
931816152398;United States;Mac;FaceBoom;02.05.2019 13:05;02.05.2019 13:23;18.0;6.0;2.0;3260.0;46
229993086655;United States;iPhone;organic;02.05.2019 5:41;02.05.2019 5:59;18.0;6.0;2.0;3260.0;23
316336063919;United States;Android;organic;02.05.2019 0:41;02.05.2019 1:04;23.0;8.0;3.0;4411.0;58
703837928748;United States;PC;organic;02.05.2019 17:50;02.05.2019 18:08;18.0;6.0;2.0;3260.0;20
326874986903;United States;Mac;organic;02.05.2019 16:42;02.05.2019 17:00;18.0;6.0;2.0;3260.0;38
532485546836;United States;iPhone;organic;02.05.2019 7:41;02.05.2019 8:15;34.0;12.0;3.0;6326.0;48
947128900376;United States;PC;organic;02.05.2019 10:12;02.05.2019 10:56;44.0;15.0;3.0;7764.0;43
276895975067;United States;Android;organic;02.05.2019 23:37;02.05.2019 23:55;18.0;6.0;2.0;3260.0;27
84799650366;United States;iPhone;MediaTornado;02.05.2019 3:54;02.05.2019 4:35;41.0;14.0;3.0;7284.0;59
44402090548;United States;iPhone;organic;02.05.2019 5:22;02.05.2019 6:19;57.0;19.0;4.0;9872.0;43
325963051404;United States;iPhone;organic;02.05.2019 17:35;02.05.2019 18:01;26.0;9.0;3.0;4889.0;46
997065722971;United States;iPhone;organic;02.05.2019 2:57;02.05.2019 3:15;18.0;6.0;2.0;3260.0;41
211227653978;United States;Mac;organic;03.05.2019 23:22;03.05.2019 23:40;18.0;6.0;2.0;3260.0;28
141837741427;United States;;MediaTornado;01.05.2019 1:59;01.05.2019 2:21;22.0;7.0;2.0;3739.0;34
728713380120;United States;Android;organic;02.05.2019 19:03;02.05.2019 19:33;30.0;10.0;3.0;5369.0;43
157877034671;United States;iPhone;TipTop;01.05.2019 1:51;01.05.2019 2:12;21.0;7.0;2.0;3739.0;50
524629398969;United States;iPhone;FaceBoom;01.05.2019 15:34;01.05.2019 15:56;22.0;7.0;2.0;3739.0;25
331972762210;United States;iPhone;TipTop;01.05.2019 0:09;01.05.2019 0:31;22.0;7.0;2.0;3739.0;24
182632440867;United States;iPhone;organic;02.05.2019 7:56;02.05.2019 8:42;46.0;15.0;3.0;7764.0;52
36896880072;United States;Android;organic;01.05.2019 11:23;01.05.2019 11:45;22.0;7.0;2.0;3739.0;45
321546106774;United States;Mac;organic;02.05.2019 6:11;02.05.2019 7:28;77.0;26.0;5.0;13418.0;45
652837831920;United States;iPhone;FaceBoom;02.05.2019 7:16;02.05.2019 8:14;58.0;20.0;4.0;10352.0;63
763233345611;United States;iPhone;organic;01.05.2019 14:12;01.05.2019 14:34;22.0;7.0;2.0;3739.0;59
115594123615;United States;Mac;organic;02.05.2019 22:44;03.05.2019 0:26;102.0;34.0;7.0;17636.0;36
427717866507;United States;Mac;TipTop;01.05.2019 14:50;01.05.2019 15:09;19.0;7.0;2.0;3739.0;36
7041371989;United States;Mac;organic;01.05.2019 19:01;01.05.2019 19:21;20.0;7.0;2.0;3739.0;40
34189933503;United States;iPhone;TipTop;01.05.2019 1:56;01.05.2019 2:15;19.0;7.0;2.0;3739.0;35
444773224507;United States;PC;organic;01.05.2019 6:20;01.05.2019 6:39;19.0;7.0;2.0;3739.0;35
862262209878;United States;iPhone;organic;01.05.2019 2:02;01.05.2019 2:23;21.0;7.0;2.0;3739.0;39
185942645210;United States;Android;organic;02.05.2019 21:06;02.05.2019 21:33;27.0;9.0;3.0;4889.0;62
857356470921;United States;Mac;organic;01.05.2019 6:55;01.05.2019 7:14;19.0;7.0;2.0;3739.0;46
399839633563;United States;iPhone;organic;02.05.2019 14:45;02.05.2019 15:09;24.0;8.0;3.0;4411.0;48
320530002460;United States;PC;organic;02.05.2019 16:53;02.05.2019 17:51;58.0;20.0;4.0;10352.0;44
626807144131;United States;Android;organic;01.05.2019 3:05;01.05.2019 3:27;22.0;7.0;2.0;3739.0;43
690714109227;United States;iPhone;TipTop;02.05.2019 20:02;02.05.2019 20:44;42.0;14.0;3.0;7284.0;27
970225426962;United States;Mac;organic;01.05.2019 7:27;01.05.2019 7:49;22.0;7.0;2.0;3739.0;64
695194949425;United States;iPhone;organic;02.05.2019 14:46;02.05.2019 15:22;36.0;12.0;3.0;6327.0;20
233510035515;United States;iPhone;organic;02.05.2019 2:41;02.05.2019 3:18;37.0;12.0;3.0;6327.0;55
74933624867;United States;iPhone;organic;02.05.2019 1:00;02.05.2019 1:54;54.0;18.0;4.0;9394.0;31
914062168985;United States;Mac;organic;01.05.2019 23:06;01.05.2019 23:25;19.0;7.0;2.0;3739.0;35
67486407139;United States;Mac;FaceBoom;01.05.2019 2:51;01.05.2019 3:10;19.0;7.0;2.0;3739.0;24
769669137453;United States;iPhone;organic;01.05.2019 5:59;01.05.2019 6:18;19.0;7.0;2.0;3739.0;39
781680936651;United States;iPhone;TipTop;01.05.2019 13:00;01.05.2019 13:22;22.0;7.0;2.0;3739.0;29
240702200943;United States;iPhone;FaceBoom;02.05.2019 10:42;02.05.2019 11:30;48.0;17.0;3.0;8722.0;48
165506868592;United States;Android;organic;02.05.2019 13:17;02.05.2019 15:01;104.0;35.0;7.0;18116.0;33
967708279629;United States;iPhone;organic;02.05.2019 4:41;02.05.2019 5:32;51.0;17.0;3.0;8722.0;54
129463314840;United States;Android;organic;02.05.2019 1:22;02.05.2019 2:40;78.0;27.0;5.0;13897.0;27
946007369560;United States;iPhone;FaceBoom;02.05.2019 14:03;02.05.2019 15:03;60.0;20.0;4.0;10352.0;37
103491908070;United States;iPhone;organic;01.05.2019 20:27;01.05.2019 20:46;19.0;7.0;2.0;3739.0;26
489517491267;United States;iPhone;organic;02.05.2019 18:59;02.05.2019 20:13;74.0;25.0;5.0;12940.0;57
423782380150;United States;Android;FaceBoom;01.05.2019 3:20;01.05.2019 3:40;20.0;7.0;2.0;3739.0;30
434198630691;United States;iPhone;organic;01.05.2019 11:07;01.05.2019 11:27;20.0;7.0;2.0;3739.0;22
487311796183;United States;Mac;organic;01.05.2019 6:52;01.05.2019 7:12;20.0;7.0;2.0;3739.0;37
747890662195;United States;PC;organic;02.05.2019 9:19;02.05.2019 10:12;53.0;18.0;4.0;9394.0;37
186030781350;United States;PC;organic;01.05.2019 1:49;01.05.2019 2:08;19.0;7.0;2.0;3739.0;31
906051170954;United States;Mac;organic;02.05.2019 21:15;02.05.2019 21:42;27.0;9.0;3.0;4889.0;49
665508659707;United States;Android;organic;01.05.2019 0:14;01.05.2019 0:36;22.0;7.0;2.0;3739.0;42
922134154116;United States;iPhone;MediaTornado;02.05.2019 10:53;02.05.2019 11:29;36.0;12.0;3.0;6327.0;54
114265844720;United States;iPhone;TipTop;01.05.2019 19:26;01.05.2019 19:45;19.0;7.0;2.0;3739.0;30
371096652431;United States;iPhone;organic;03.05.2019 7:58;03.05.2019 9:00;62.0;21.0;4.0;10830.0;59
20113809617;United States;Android;FaceBoom;01.05.2019 3:56;01.05.2019 4:18;22.0;7.0;2.0;3739.0;11
431648587600;United States;iPhone;organic;01.05.2019 23:33;01.05.2019 23:55;22.0;7.0;2.0;3739.0;40
264651041337;United States;Mac;organic;03.05.2019 4:30;03.05.2019 5:27;57.0;19.0;4.0;9872.0;29
429896003684;United States;iPhone;organic;03.05.2019 17:31;03.05.2019 17:59;28.0;10.0;3.0;5369.0;34
477608383424;United States;iPhone;organic;03.05.2019 2:58;03.05.2019 3:28;30.0;10.0;3.0;5369.0;50
530805337839;United States;Mac;TipTop;03.05.2019 23:28;03.05.2019 23:56;28.0;10.0;3.0;5369.0;57
230020740838;United States;Mac;organic;01.05.2019 14:33;01.05.2019 14:52;19.0;7.0;2.0;3739.0;29
696427790136;United States;iPhone;FaceBoom;03.05.2019 17:08;03.05.2019 18:21;73.0;25.0;5.0;12940.0;36
841448444550;United States;Android;TipTop;02.05.2019 16:59;02.05.2019 17:20;21.0;7.0;2.0;3739.0;54
557554672821;United States;Android;organic;02.05.2019 21:39;02.05.2019 22:01;22.0;7.0;2.0;3739.0;54
861181038122;United States;Android;organic;02.05.2019 12:11;02.05.2019 12:33;22.0;7.0;2.0;3739.0;41
521456322915;United States;iPhone;organic;02.05.2019 13:18;02.05.2019 13:38;20.0;7.0;2.0;3739.0;26
71310958837;United States;iPhone;organic;03.05.2019 18:58;03.05.2019 19:23;25.0;8.0;3.0;4411.0;30
216707928845;United States;iPhone;organic;02.05.2019 20:16;02.05.2019 20:38;22.0;7.0;2.0;3739.0;45
297179963287;United States;PC;organic;02.05.2019 8:37;02.05.2019 8:58;21.0;7.0;2.0;3739.0;15
229766500352;United States;iPhone;organic;02.05.2019 22:28;02.05.2019 22:48;20.0;7.0;2.0;3739.0;23
924394269861;United States;Android;organic;03.05.2019 23:21;04.05.2019 0:09;48.0;17.0;3.0;8722.0;15
249777752666;United States;iPhone;organic;02.05.2019 6:43;02.05.2019 7:03;20.0;7.0;2.0;3739.0;39
785831685491;United States;iPhone;TipTop;02.05.2019 4:24;02.05.2019 4:46;22.0;7.0;2.0;3739.0;33
507854873477;United States;Mac;organic;02.05.2019 12:48;02.05.2019 13:08;20.0;7.0;2.0;3739.0;63
197763072517;United States;Android;organic;03.05.2019 1:11;03.05.2019 2:46;95.0;32.0;6.0;16486.0;47
45476599272;United States;Android;FaceBoom;03.05.2019 3:03;03.05.2019 3:40;37.0;12.0;3.0;6327.0;60
426072091220;United States;PC;organic;02.05.2019 1:57;02.05.2019 2:16;19.0;7.0;2.0;3739.0;51
783756760096;United States;iPhone;organic;03.05.2019 16:07;03.05.2019 17:25;78.0;27.0;5.0;13897.0;20
663154397329;United States;iPhone;TipTop;03.05.2019 23:00;03.05.2019 23:41;41.0;14.0;3.0;7284.0;46
339982906129;United States;Android;FaceBoom;02.05.2019 20:08;02.05.2019 20:30;22.0;7.0;2.0;3739.0;64
878248716994;United States;PC;organic;02.05.2019 13:33;02.05.2019 13:53;20.0;7.0;2.0;3739.0;40
929744807312;United States;iPhone;TipTop;03.05.2019 14:45;03.05.2019 15:28;43.0;15.0;3.0;7764.0;51
567063005395;United States;iPhone;MediaTornado;03.05.2019 4:42;03.05.2019 5:17;35.0;12.0;3.0;6327.0;51
120525888195;United States;Android;TipTop;03.05.2019 9:41;03.05.2019 10:37;56.0;19.0;4.0;9872.0;25
847069064465;United States;PC;FaceBoom;02.05.2019 18:45;02.05.2019 19:05;20.0;7.0;2.0;3739.0;21
959109335666;United States;iPhone;organic;03.05.2019 12:01;03.05.2019 12:41;40.0;14.0;3.0;7284.0;40
860709894866;United States;iPhone;organic;03.05.2019 18:50;03.05.2019 19:15;25.0;8.0;3.0;4411.0;52
91707550199;United States;Mac;organic;03.05.2019 6:45;03.05.2019 7:54;69.0;24.0;5.0;12460.0;47
216378607623;United States;iPhone;organic;03.05.2019 19:21;03.05.2019 21:23;122.0;41.0;7.0;20989.0;29
81585546993;United States;iPhone;organic;02.05.2019 12:49;02.05.2019 13:10;21.0;7.0;2.0;3739.0;37
529887371748;United States;Mac;organic;03.05.2019 12:52;03.05.2019 13:59;67.0;22.0;4.0;11310.0;25
501990835449;United States;Mac;organic;02.05.2019 17:13;02.05.2019 17:33;20.0;7.0;2.0;3739.0;33
784328289169;United States;iPhone;FaceBoom;02.05.2019 3:18;02.05.2019 3:40;22.0;7.0;2.0;3739.0;31
83512036139;United States;iPhone;FaceBoom;03.05.2019 10:55;03.05.2019 11:39;44.0;15.0;3.0;7764.0;53
726578281079;United States;Mac;organic;03.05.2019 15:50;03.05.2019 16:34;44.0;15.0;3.0;7764.0;48
954136696753;United States;Mac;organic;01.05.2019 7:27;01.05.2019 7:49;22.0;7.0;2.0;3739.0;36
529697267522;United States;Mac;organic;01.05.2019 7:27;01.05.2019 7:49;22.0;7.0;2.0;3739.0;33
471280094470;United States;PC;organic;03.05.2019 17:18;03.05.2019 17:50;32.0;11.0;3.0;5847.0;23
284337281070;United States;iPhone;organic;03.05.2019 8:33;03.05.2019 9:15;42.0;14.0;3.0;7284.0;40
243642178768;United States;Android;organic;03.05.2019 15:02;03.05.2019 15:36;34.0;12.0;3.0;6326.0;26
697652307672;United States;iPhone;MediaTornado;03.05.2019 23:31;04.05.2019 0:08;37.0;12.0;3.0;6327.0;62
265696162863;United States;iPhone;FaceBoom;02.05.2019 2:19;02.05.2019 2:40;21.0;7.0;2.0;3739.0;28
105692369349;United States;iPhone;organic;02.05.2019 17:08;02.05.2019 17:30;22.0;7.0;2.0;3739.0;48
207095667335;United States;iPhone;TipTop;03.05.2019 7:49;03.05.2019 8:16;27.0;9.0;3.0;4889.0;41
471696964639;United States;Android;organic;02.05.2019 19:01;02.05.2019 19:22;21.0;7.0;2.0;3739.0;56
133093681678;United States;Android;organic;02.05.2019 17:27;02.05.2019 17:48;21.0;7.0;2.0;3739.0;29
763388948404;United States;iPhone;FaceBoom;02.05.2019 23:44;03.05.2019 0:04;20.0;7.0;2.0;3739.0;32
798247453644;United States;Android;organic;03.05.2019 2:53;03.05.2019 3:20;27.0;9.0;3.0;4889.0;29
861333983923;United States;Mac;MediaTornado;03.05.2019 12:09;03.05.2019 12:32;23.0;8.0;3.0;4411.0;30
112115982923;United States;iPhone;organic;03.05.2019 14:36;03.05.2019 15:03;27.0;9.0;3.0;4889.0;30
860476078548;United States;PC;organic;03.05.2019 0:42;03.05.2019 1:32;50.0;17.0;3.0;8722.0;39
820380982279;United States;iPhone;organic;03.05.2019 5:49;03.05.2019 6:17;28.0;10.0;3.0;5369.0;57
48831405665;United States;iPhone;organic;03.05.2019 14:11;03.05.2019 16:04;113.0;39.0;7.0;20031.0;36
232645811069;United States;PC;organic;02.05.2019 23:48;03.05.2019 0:07;19.0;7.0;2.0;3739.0;45
512250654369;United States;Mac;FaceBoom;02.05.2019 14:21;02.05.2019 14:40;19.0;7.0;2.0;3739.0;16
174361394180;United States;Mac;organic;02.05.2019 17:25;02.05.2019 17:47;22.0;7.0;2.0;3739.0;55
928482821528;United States;Mac;organic;02.05.2019 0:39;02.05.2019 0:59;20.0;7.0;2.0;3739.0;58
857783507893;United States;PC;organic;03.05.2019 12:59;03.05.2019 13:33;34.0;12.0;3.0;6326.0;23
778027854258;United States;iPhone;FaceBoom;02.05.2019 18:57;02.05.2019 19:17;20.0;7.0;2.0;3739.0;37
454223140723;United States;Mac;MediaTornado;03.05.2019 20:33;03.05.2019 21:26;53.0;18.0;4.0;9394.0;37
691373096764;United States;iPhone;organic;03.05.2019 20:15;03.05.2019 20:46;31.0;10.0;3.0;5369.0;54
247711587674;United States;iPhone;organic;03.05.2019 6:37;03.05.2019 8:15;98.0;34.0;7.0;17636.0;40
266796485208;United States;iPhone;TipTop;02.05.2019 5:59;02.05.2019 6:18;19.0;7.0;2.0;3739.0;28
33606575057;United States;iPhone;FaceBoom;03.05.2019 3:44;03.05.2019 5:11;87.0;29.0;6.0;15048.0;17
5400720363;United States;Android;organic;02.05.2019 12:05;02.05.2019 12:27;22.0;7.0;2.0;3739.0;31
134726461643;United States;iPhone;MediaTornado;02.05.2019 15:14;02.05.2019 15:33;19.0;7.0;2.0;3739.0;24
423782380150;United States;PC;organic;02.05.2019 11:59;02.05.2019 12:19;20.0;7.0;2.0;3739.0;29
445724754149;United States;Android;organic;03.05.2019 18:54;03.05.2019 19:29;35.0;12.0;3.0;6327.0;24
599422537839;United States;Mac;FaceBoom;02.05.2019 13:43;02.05.2019 14:04;21.0;7.0;2.0;3739.0;51
873134266246;United States;Mac;organic;03.05.2019 1:32;03.05.2019 2:02;30.0;10.0;3.0;5369.0;48
509503648515;United States;Android;organic;03.05.2019 5:57;03.05.2019 7:22;85.0;29.0;6.0;15048.0;66
576352706724;United States;Mac;organic;03.05.2019 22:18;03.05.2019 22:56;38.0;13.0;3.0;6806.0;36
997723904855;United States;iPhone;organic;02.05.2019 13:55;02.05.2019 14:14;19.0;7.0;2.0;3739.0;30
954277860460;United States;iPhone;TipTop;02.05.2019 16:39;02.05.2019 16:59;20.0;7.0;2.0;3739.0;44
766038695189;United States;iPhone;FaceBoom;03.05.2019 22:38;03.05.2019 23:09;31.0;10.0;3.0;5369.0;43
661889067101;United States;Mac;organic;03.05.2019 8:59;03.05.2019 11:33;154.0;52.0;9.0;26644.0;29
692072441061;United States;Mac;FaceBoom;03.05.2019 16:31;03.05.2019 18:11;100.0;34.0;7.0;17636.0;21
784328289169;United States;iPhone;organic;02.05.2019 3:28;02.05.2019 3:49;21.0;7.0;2.0;3739.0;31
214110726955;United States;Mac;organic;02.05.2019 0:53;02.05.2019 1:14;21.0;7.0;2.0;3739.0;31
825019309980;United States;Mac;organic;02.05.2019 9:19;02.05.2019 9:38;19.0;7.0;2.0;3739.0;51
744725408795;United States;Android;TipTop;04.05.2019 18:53;04.05.2019 19:24;31.0;10.0;3.0;5369.0;36
702823415116;United States;iPhone;FaceBoom;04.05.2019 14:27;04.05.2019 15:31;64.0;22.0;4.0;11310.0;35
154200549012;United States;iPhone;organic;02.05.2019 21:07;02.05.2019 21:29;22.0;7.0;2.0;3739.0;32
548096593486;United States;Mac;organic;04.05.2019 15:14;04.05.2019 16:48;94.0;32.0;6.0;16485.0;20
413984649219;United States;iPhone;FaceBoom;02.05.2019 15:33;02.05.2019 15:54;21.0;7.0;2.0;3739.0;11
163990482939;United States;iPhone;FaceBoom;04.05.2019 21:39;04.05.2019 23:19;100.0;34.0;7.0;17636.0;21
815797408685;United States;PC;organic;02.05.2019 14:48;02.05.2019 15:10;22.0;7.0;2.0;3739.0;65
717924290376;United States;PC;organic;04.05.2019 10:53;04.05.2019 11:36;43.0;15.0;3.0;7764.0;66
621759989666;United States;iPhone;organic;03.05.2019 3:13;03.05.2019 3:33;20.0;7.0;2.0;3739.0;33
159471803772;United States;iPhone;organic;04.05.2019 0:24;04.05.2019 0:58;34.0;12.0;3.0;6326.0;47
917992220173;United States;Android;organic;03.05.2019 23:17;03.05.2019 23:37;20.0;7.0;2.0;3739.0;46
977891886135;United States;Android;organic;03.05.2019 3:26;03.05.2019 3:46;20.0;7.0;2.0;3739.0;56
302414975073;United States;Android;TipTop;04.05.2019 5:26;04.05.2019 6:19;53.0;18.0;4.0;9394.0;20
579579190220;United States;Android;TipTop;04.05.2019 17:42;04.05.2019 18:06;24.0;8.0;3.0;4411.0;62
405931746536;United States;Mac;organic;03.05.2019 8:51;03.05.2019 9:11;20.0;7.0;2.0;3739.0;34
856975653366;United States;iPhone;organic;03.05.2019 4:24;03.05.2019 4:45;21.0;7.0;2.0;3739.0;22
510919926079;United States;Mac;organic;03.05.2019 2:47;03.05.2019 3:07;20.0;7.0;2.0;3739.0;41
531513927329;United States;Mac;organic;04.05.2019 13:48;04.05.2019 14:08;20.0;7.0;2.0;3739.0;53
136097633625;United States;Android;TipTop;04.05.2019 16:42;04.05.2019 17:01;19.0;7.0;2.0;3739.0;30
